Fitness,Depth,Nodes,Generations,time_since_the_start_of_the_evolution,seed,genotype_as_str,productions
4.0,4,5,1,0.12271928787231445,3,"ActionBlock(actions=[Move(), Move(), Move(), Left(), IfFood(yes_food=IfFood(yes_food=IfFood(yes_food=Left(), no_food=Right()), no_food=IfFood(yes_food=Move(), no_food=Right())), no_food=Move()), Move()])","{<class 'examples.santafe.IfFood'>: 0, <class 'examples.santafe.Left'>: 0, <class 'examples.santafe.ActionBlock'>: 1, <class 'examples.santafe.Right'>: 0, <class 'examples.santafe.Action'>: 0, <class 'examples.santafe.Move'>: 0, <class 'examples.santafe.ActionMain'>: 1}"
4.0,4,5,2,0.16326045989990234,3,"ActionBlock(actions=[Move(), Move(), Move(), Left(), IfFood(yes_food=IfFood(yes_food=IfFood(yes_food=Left(), no_food=Right()), no_food=IfFood(yes_food=Move(), no_food=Right())), no_food=Move()), Move()])","{<class 'examples.santafe.IfFood'>: 0, <class 'examples.santafe.Left'>: 0, <class 'examples.santafe.ActionBlock'>: 1, <class 'examples.santafe.Right'>: 0, <class 'examples.santafe.Action'>: 0, <class 'examples.santafe.Move'>: 0, <class 'examples.santafe.ActionMain'>: 1}"
5.0,5,18,3,0.20749449729919434,3,"ActionBlock(actions=[Move(), Move(), Right(), Left(), IfFood(yes_food=Left(), no_food=Left()), Left(), Right(), Right(), IfFood(yes_food=Left(), no_food=Right()), Right(), IfFood(yes_food=Move(), no_food=Left()), IfFood(yes_food=IfFood(yes_food=IfFood(yes_food=Right(), no_food=Left()), no_food=Right()), no_food=Left()), Move(), IfFood(yes_food=IfFood(yes_food=IfFood(yes_food=Move(), no_food=IfFood(yes_food=Right(), no_food=Move())), no_food=IfFood(yes_food=Left(), no_food=IfFood(yes_food=Right(), no_food=Left()))), no_food=Left()), Left(), Right(), IfFood(yes_food=Left(), no_food=Right()), Move(), IfFood(yes_food=IfFood(yes_food=IfFood(yes_food=Right(), no_food=Left()), no_food=Move()), no_food=Move()), Right()])","{<class 'examples.santafe.IfFood'>: 0, <class 'examples.santafe.Left'>: 0, <class 'examples.santafe.ActionBlock'>: 1, <class 'examples.santafe.Right'>: 0, <class 'examples.santafe.Action'>: 0, <class 'examples.santafe.Move'>: 0, <class 'examples.santafe.ActionMain'>: 1}"
5.0,5,18,4,0.2583322525024414,3,"ActionBlock(actions=[Move(), Move(), Right(), Left(), IfFood(yes_food=Left(), no_food=Left()), Left(), Right(), Right(), IfFood(yes_food=Left(), no_food=Right()), Right(), IfFood(yes_food=Move(), no_food=Left()), IfFood(yes_food=IfFood(yes_food=IfFood(yes_food=Right(), no_food=Left()), no_food=Right()), no_food=Left()), Move(), IfFood(yes_food=IfFood(yes_food=IfFood(yes_food=Move(), no_food=IfFood(yes_food=Right(), no_food=Move())), no_food=IfFood(yes_food=Left(), no_food=IfFood(yes_food=Right(), no_food=Left()))), no_food=Left()), Left(), Right(), IfFood(yes_food=Left(), no_food=Right()), Move(), IfFood(yes_food=IfFood(yes_food=IfFood(yes_food=Right(), no_food=Left()), no_food=Move()), no_food=Move()), Right()])","{<class 'examples.santafe.IfFood'>: 0, <class 'examples.santafe.Left'>: 0, <class 'examples.santafe.ActionBlock'>: 1, <class 'examples.santafe.Right'>: 0, <class 'examples.santafe.Action'>: 0, <class 'examples.santafe.Move'>: 0, <class 'examples.santafe.ActionMain'>: 1}"
5.0,5,18,5,0.34169673919677734,3,"ActionBlock(actions=[Move(), Move(), Right(), Left(), IfFood(yes_food=Left(), no_food=Left()), Left(), Right(), Right(), IfFood(yes_food=Left(), no_food=Right()), Right(), IfFood(yes_food=Move(), no_food=Left()), IfFood(yes_food=IfFood(yes_food=IfFood(yes_food=Right(), no_food=Left()), no_food=Right()), no_food=Left()), Move(), IfFood(yes_food=IfFood(yes_food=IfFood(yes_food=Move(), no_food=IfFood(yes_food=Right(), no_food=Move())), no_food=IfFood(yes_food=Left(), no_food=IfFood(yes_food=Right(), no_food=Left()))), no_food=Left()), Left(), Right(), IfFood(yes_food=Left(), no_food=Right()), Move(), IfFood(yes_food=IfFood(yes_food=IfFood(yes_food=Right(), no_food=Left()), no_food=Move()), no_food=Move()), Right()])","{<class 'examples.santafe.IfFood'>: 0, <class 'examples.santafe.Left'>: 0, <class 'examples.santafe.ActionBlock'>: 1, <class 'examples.santafe.Right'>: 0, <class 'examples.santafe.Action'>: 0, <class 'examples.santafe.Move'>: 0, <class 'examples.santafe.ActionMain'>: 1}"
5.0,5,18,6,0.3837125301361084,3,"ActionBlock(actions=[Move(), Move(), Right(), Left(), IfFood(yes_food=Left(), no_food=Left()), Left(), Right(), Right(), IfFood(yes_food=Left(), no_food=Right()), Right(), IfFood(yes_food=Move(), no_food=Left()), IfFood(yes_food=IfFood(yes_food=IfFood(yes_food=Right(), no_food=Left()), no_food=Right()), no_food=Left()), Move(), IfFood(yes_food=IfFood(yes_food=IfFood(yes_food=Move(), no_food=IfFood(yes_food=Right(), no_food=Move())), no_food=IfFood(yes_food=Left(), no_food=IfFood(yes_food=Right(), no_food=Left()))), no_food=Left()), Left(), Right(), IfFood(yes_food=Left(), no_food=Right()), Move(), IfFood(yes_food=IfFood(yes_food=IfFood(yes_food=Right(), no_food=Left()), no_food=Move()), no_food=Move()), Right()])","{<class 'examples.santafe.IfFood'>: 0, <class 'examples.santafe.Left'>: 0, <class 'examples.santafe.ActionBlock'>: 1, <class 'examples.santafe.Right'>: 0, <class 'examples.santafe.Action'>: 0, <class 'examples.santafe.Move'>: 0, <class 'examples.santafe.ActionMain'>: 1}"
5.0,5,18,7,0.43415141105651855,3,"ActionBlock(actions=[Move(), Move(), Right(), Left(), IfFood(yes_food=Left(), no_food=Left()), Left(), Right(), Right(), IfFood(yes_food=Left(), no_food=Right()), Right(), IfFood(yes_food=Move(), no_food=Left()), IfFood(yes_food=IfFood(yes_food=IfFood(yes_food=Right(), no_food=Left()), no_food=Right()), no_food=Left()), Move(), IfFood(yes_food=IfFood(yes_food=IfFood(yes_food=Move(), no_food=IfFood(yes_food=Right(), no_food=Move())), no_food=IfFood(yes_food=Left(), no_food=IfFood(yes_food=Right(), no_food=Left()))), no_food=Left()), Left(), Right(), IfFood(yes_food=Left(), no_food=Right()), Move(), IfFood(yes_food=IfFood(yes_food=IfFood(yes_food=Right(), no_food=Left()), no_food=Move()), no_food=Move()), Right()])","{<class 'examples.santafe.IfFood'>: 0, <class 'examples.santafe.Left'>: 0, <class 'examples.santafe.ActionBlock'>: 1, <class 'examples.santafe.Right'>: 0, <class 'examples.santafe.Action'>: 0, <class 'examples.santafe.Move'>: 0, <class 'examples.santafe.ActionMain'>: 1}"
5.0,5,18,8,0.4774165153503418,3,"ActionBlock(actions=[Move(), Move(), Right(), Left(), IfFood(yes_food=Left(), no_food=Left()), Left(), Right(), Right(), IfFood(yes_food=Left(), no_food=Right()), Right(), IfFood(yes_food=Move(), no_food=Left()), IfFood(yes_food=IfFood(yes_food=IfFood(yes_food=Right(), no_food=Left()), no_food=Right()), no_food=Left()), Move(), IfFood(yes_food=IfFood(yes_food=IfFood(yes_food=Move(), no_food=IfFood(yes_food=Right(), no_food=Move())), no_food=IfFood(yes_food=Left(), no_food=IfFood(yes_food=Right(), no_food=Left()))), no_food=Left()), Left(), Right(), IfFood(yes_food=Left(), no_food=Right()), Move(), IfFood(yes_food=IfFood(yes_food=IfFood(yes_food=Right(), no_food=Left()), no_food=Move()), no_food=Move()), Right()])","{<class 'examples.santafe.IfFood'>: 0, <class 'examples.santafe.Left'>: 0, <class 'examples.santafe.ActionBlock'>: 1, <class 'examples.santafe.Right'>: 0, <class 'examples.santafe.Action'>: 0, <class 'examples.santafe.Move'>: 0, <class 'examples.santafe.ActionMain'>: 1}"
5.0,5,18,9,0.5864396095275879,3,"ActionBlock(actions=[Move(), Move(), Right(), Left(), IfFood(yes_food=Left(), no_food=Left()), Left(), Right(), Right(), IfFood(yes_food=Left(), no_food=Right()), Right(), IfFood(yes_food=Move(), no_food=Left()), IfFood(yes_food=IfFood(yes_food=IfFood(yes_food=Right(), no_food=Left()), no_food=Right()), no_food=Left()), Move(), IfFood(yes_food=IfFood(yes_food=IfFood(yes_food=Move(), no_food=IfFood(yes_food=Right(), no_food=Move())), no_food=IfFood(yes_food=Left(), no_food=IfFood(yes_food=Right(), no_food=Left()))), no_food=Left()), Left(), Right(), IfFood(yes_food=Left(), no_food=Right()), Move(), IfFood(yes_food=IfFood(yes_food=IfFood(yes_food=Right(), no_food=Left()), no_food=Move()), no_food=Move()), Right()])","{<class 'examples.santafe.IfFood'>: 0, <class 'examples.santafe.Left'>: 0, <class 'examples.santafe.ActionBlock'>: 1, <class 'examples.santafe.Right'>: 0, <class 'examples.santafe.Action'>: 0, <class 'examples.santafe.Move'>: 0, <class 'examples.santafe.ActionMain'>: 1}"
5.0,5,18,10,0.6166551113128662,3,"ActionBlock(actions=[Move(), Move(), Right(), Left(), IfFood(yes_food=Left(), no_food=Left()), Left(), Right(), Right(), IfFood(yes_food=Left(), no_food=Right()), Right(), IfFood(yes_food=Move(), no_food=Left()), IfFood(yes_food=IfFood(yes_food=IfFood(yes_food=Right(), no_food=Left()), no_food=Right()), no_food=Left()), Move(), IfFood(yes_food=IfFood(yes_food=IfFood(yes_food=Move(), no_food=IfFood(yes_food=Right(), no_food=Move())), no_food=IfFood(yes_food=Left(), no_food=IfFood(yes_food=Right(), no_food=Left()))), no_food=Left()), Left(), Right(), IfFood(yes_food=Left(), no_food=Right()), Move(), IfFood(yes_food=IfFood(yes_food=IfFood(yes_food=Right(), no_food=Left()), no_food=Move()), no_food=Move()), Right()])","{<class 'examples.santafe.IfFood'>: 0, <class 'examples.santafe.Left'>: 0, <class 'examples.santafe.ActionBlock'>: 1, <class 'examples.santafe.Right'>: 0, <class 'examples.santafe.Action'>: 0, <class 'examples.santafe.Move'>: 0, <class 'examples.santafe.ActionMain'>: 1}"
5.0,5,18,11,0.6584994792938232,3,"ActionBlock(actions=[Move(), Move(), Right(), Left(), IfFood(yes_food=Left(), no_food=Left()), Left(), Right(), Right(), IfFood(yes_food=Left(), no_food=Right()), Right(), IfFood(yes_food=Move(), no_food=Left()), IfFood(yes_food=IfFood(yes_food=IfFood(yes_food=Right(), no_food=Left()), no_food=Right()), no_food=Left()), Move(), IfFood(yes_food=IfFood(yes_food=IfFood(yes_food=Move(), no_food=IfFood(yes_food=Right(), no_food=Move())), no_food=IfFood(yes_food=Left(), no_food=IfFood(yes_food=Right(), no_food=Left()))), no_food=Left()), Left(), Right(), IfFood(yes_food=Left(), no_food=Right()), Move(), IfFood(yes_food=IfFood(yes_food=IfFood(yes_food=Right(), no_food=Left()), no_food=Move()), no_food=Move()), Right()])","{<class 'examples.santafe.IfFood'>: 0, <class 'examples.santafe.Left'>: 0, <class 'examples.santafe.ActionBlock'>: 1, <class 'examples.santafe.Right'>: 0, <class 'examples.santafe.Action'>: 0, <class 'examples.santafe.Move'>: 0, <class 'examples.santafe.ActionMain'>: 1}"
5.0,5,18,12,0.6995954513549805,3,"ActionBlock(actions=[Move(), Move(), Right(), Left(), IfFood(yes_food=Left(), no_food=Left()), Left(), Right(), Right(), IfFood(yes_food=Left(), no_food=Right()), Right(), IfFood(yes_food=Move(), no_food=Left()), IfFood(yes_food=IfFood(yes_food=IfFood(yes_food=Right(), no_food=Left()), no_food=Right()), no_food=Left()), Move(), IfFood(yes_food=IfFood(yes_food=IfFood(yes_food=Move(), no_food=IfFood(yes_food=Right(), no_food=Move())), no_food=IfFood(yes_food=Left(), no_food=IfFood(yes_food=Right(), no_food=Left()))), no_food=Left()), Left(), Right(), IfFood(yes_food=Left(), no_food=Right()), Move(), IfFood(yes_food=IfFood(yes_food=IfFood(yes_food=Right(), no_food=Left()), no_food=Move()), no_food=Move()), Right()])","{<class 'examples.santafe.IfFood'>: 0, <class 'examples.santafe.Left'>: 0, <class 'examples.santafe.ActionBlock'>: 1, <class 'examples.santafe.Right'>: 0, <class 'examples.santafe.Action'>: 0, <class 'examples.santafe.Move'>: 0, <class 'examples.santafe.ActionMain'>: 1}"
5.0,5,18,13,0.7319002151489258,3,"ActionBlock(actions=[Move(), Move(), Right(), Left(), IfFood(yes_food=Left(), no_food=Left()), Left(), Right(), Right(), IfFood(yes_food=Left(), no_food=Right()), Right(), IfFood(yes_food=Move(), no_food=Left()), IfFood(yes_food=IfFood(yes_food=IfFood(yes_food=Right(), no_food=Left()), no_food=Right()), no_food=Left()), Move(), IfFood(yes_food=IfFood(yes_food=IfFood(yes_food=Move(), no_food=IfFood(yes_food=Right(), no_food=Move())), no_food=IfFood(yes_food=Left(), no_food=IfFood(yes_food=Right(), no_food=Left()))), no_food=Left()), Left(), Right(), IfFood(yes_food=Left(), no_food=Right()), Move(), IfFood(yes_food=IfFood(yes_food=IfFood(yes_food=Right(), no_food=Left()), no_food=Move()), no_food=Move()), Right()])","{<class 'examples.santafe.IfFood'>: 0, <class 'examples.santafe.Left'>: 0, <class 'examples.santafe.ActionBlock'>: 1, <class 'examples.santafe.Right'>: 0, <class 'examples.santafe.Action'>: 0, <class 'examples.santafe.Move'>: 0, <class 'examples.santafe.ActionMain'>: 1}"
5.0,5,18,14,0.7695417404174805,3,"ActionBlock(actions=[Move(), Move(), Right(), Left(), IfFood(yes_food=Left(), no_food=Left()), Left(), Right(), Right(), IfFood(yes_food=Left(), no_food=Right()), Right(), IfFood(yes_food=Move(), no_food=Left()), IfFood(yes_food=IfFood(yes_food=IfFood(yes_food=Right(), no_food=Left()), no_food=Right()), no_food=Left()), Move(), IfFood(yes_food=IfFood(yes_food=IfFood(yes_food=Move(), no_food=IfFood(yes_food=Right(), no_food=Move())), no_food=IfFood(yes_food=Left(), no_food=IfFood(yes_food=Right(), no_food=Left()))), no_food=Left()), Left(), Right(), IfFood(yes_food=Left(), no_food=Right()), Move(), IfFood(yes_food=IfFood(yes_food=IfFood(yes_food=Right(), no_food=Left()), no_food=Move()), no_food=Move()), Right()])","{<class 'examples.santafe.IfFood'>: 0, <class 'examples.santafe.Left'>: 0, <class 'examples.santafe.ActionBlock'>: 1, <class 'examples.santafe.Right'>: 0, <class 'examples.santafe.Action'>: 0, <class 'examples.santafe.Move'>: 0, <class 'examples.santafe.ActionMain'>: 1}"
5.0,5,18,15,0.808849573135376,3,"ActionBlock(actions=[Move(), Move(), Right(), Left(), IfFood(yes_food=Left(), no_food=Left()), Left(), Right(), Right(), IfFood(yes_food=Left(), no_food=Right()), Right(), IfFood(yes_food=Move(), no_food=Left()), IfFood(yes_food=IfFood(yes_food=IfFood(yes_food=Right(), no_food=Left()), no_food=Right()), no_food=Left()), Move(), IfFood(yes_food=IfFood(yes_food=IfFood(yes_food=Move(), no_food=IfFood(yes_food=Right(), no_food=Move())), no_food=IfFood(yes_food=Left(), no_food=IfFood(yes_food=Right(), no_food=Left()))), no_food=Left()), Left(), Right(), IfFood(yes_food=Left(), no_food=Right()), Move(), IfFood(yes_food=IfFood(yes_food=IfFood(yes_food=Right(), no_food=Left()), no_food=Move()), no_food=Move()), Right()])","{<class 'examples.santafe.IfFood'>: 0, <class 'examples.santafe.Left'>: 0, <class 'examples.santafe.ActionBlock'>: 1, <class 'examples.santafe.Right'>: 0, <class 'examples.santafe.Action'>: 0, <class 'examples.santafe.Move'>: 0, <class 'examples.santafe.ActionMain'>: 1}"
5.0,5,13,16,0.8469650745391846,3,"ActionBlock(actions=[Move(), IfFood(yes_food=Move(), no_food=Left()), Move(), Left(), Move(), IfFood(yes_food=IfFood(yes_food=IfFood(yes_food=Right(), no_food=IfFood(yes_food=Right(), no_food=Move())), no_food=Right()), no_food=Right()), IfFood(yes_food=Left(), no_food=Right()), Right(), Left(), IfFood(yes_food=Right(), no_food=IfFood(yes_food=Right(), no_food=Move())), IfFood(yes_food=Move(), no_food=Right()), Right(), Right(), IfFood(yes_food=Right(), no_food=IfFood(yes_food=Move(), no_food=Move())), Move(), Right(), Right(), Left(), IfFood(yes_food=Right(), no_food=Left()), Left(), Move(), Right(), Move()])","{<class 'examples.santafe.IfFood'>: 0, <class 'examples.santafe.Left'>: 0, <class 'examples.santafe.ActionBlock'>: 1, <class 'examples.santafe.Right'>: 0, <class 'examples.santafe.Action'>: 0, <class 'examples.santafe.Move'>: 0, <class 'examples.santafe.ActionMain'>: 1}"
5.0,5,13,17,0.8869204521179199,3,"ActionBlock(actions=[Move(), IfFood(yes_food=Move(), no_food=Left()), Move(), Left(), Move(), IfFood(yes_food=IfFood(yes_food=IfFood(yes_food=Right(), no_food=IfFood(yes_food=Right(), no_food=Move())), no_food=Right()), no_food=Right()), IfFood(yes_food=Left(), no_food=Right()), Right(), Left(), IfFood(yes_food=Right(), no_food=IfFood(yes_food=Right(), no_food=Move())), IfFood(yes_food=Move(), no_food=Right()), Right(), Right(), IfFood(yes_food=Right(), no_food=IfFood(yes_food=Move(), no_food=Move())), Move(), Right(), Right(), Left(), IfFood(yes_food=Right(), no_food=Left()), Left(), Move(), Right(), Move()])","{<class 'examples.santafe.IfFood'>: 0, <class 'examples.santafe.Left'>: 0, <class 'examples.santafe.ActionBlock'>: 1, <class 'examples.santafe.Right'>: 0, <class 'examples.santafe.Action'>: 0, <class 'examples.santafe.Move'>: 0, <class 'examples.santafe.ActionMain'>: 1}"
6.0,4,14,18,0.9365744590759277,3,"ActionBlock(actions=[Move(), Left(), Left(), Right(), Right(), IfFood(yes_food=Move(), no_food=Right()), Move(), Left(), IfFood(yes_food=Right(), no_food=Left()), Right(), IfFood(yes_food=Right(), no_food=Right()), Left(), IfFood(yes_food=IfFood(yes_food=Move(), no_food=Right()), no_food=IfFood(yes_food=Right(), no_food=Left())), IfFood(yes_food=Left(), no_food=Right()), Move(), Move(), Right(), Move(), IfFood(yes_food=Move(), no_food=Left()), Left(), Right(), Move(), Left(), IfFood(yes_food=Left(), no_food=IfFood(yes_food=Left(), no_food=Left())), IfFood(yes_food=Left(), no_food=IfFood(yes_food=Right(), no_food=IfFood(yes_food=Move(), no_food=Left()))), Right()])","{<class 'examples.santafe.IfFood'>: 0, <class 'examples.santafe.Left'>: 0, <class 'examples.santafe.ActionBlock'>: 1, <class 'examples.santafe.Right'>: 0, <class 'examples.santafe.Action'>: 0, <class 'examples.santafe.Move'>: 0, <class 'examples.santafe.ActionMain'>: 1}"
6.0,4,14,19,0.9769864082336426,3,"ActionBlock(actions=[Move(), Left(), Left(), Right(), Right(), IfFood(yes_food=Move(), no_food=Right()), Move(), Left(), IfFood(yes_food=Right(), no_food=Left()), Right(), IfFood(yes_food=Right(), no_food=Right()), Left(), IfFood(yes_food=IfFood(yes_food=Move(), no_food=Right()), no_food=IfFood(yes_food=Right(), no_food=Left())), IfFood(yes_food=Left(), no_food=Right()), Move(), Move(), Right(), Move(), IfFood(yes_food=Move(), no_food=Left()), Left(), Right(), Move(), Left(), IfFood(yes_food=Left(), no_food=IfFood(yes_food=Left(), no_food=Left())), IfFood(yes_food=Left(), no_food=IfFood(yes_food=Right(), no_food=IfFood(yes_food=Move(), no_food=Left()))), Right()])","{<class 'examples.santafe.IfFood'>: 0, <class 'examples.santafe.Left'>: 0, <class 'examples.santafe.ActionBlock'>: 1, <class 'examples.santafe.Right'>: 0, <class 'examples.santafe.Action'>: 0, <class 'examples.santafe.Move'>: 0, <class 'examples.santafe.ActionMain'>: 1}"
6.0,4,14,20,1.0213100910186768,3,"ActionBlock(actions=[Move(), Left(), Left(), Right(), Right(), IfFood(yes_food=Move(), no_food=Right()), Move(), Left(), IfFood(yes_food=Right(), no_food=Left()), Right(), IfFood(yes_food=Right(), no_food=Right()), Left(), IfFood(yes_food=IfFood(yes_food=Move(), no_food=Right()), no_food=IfFood(yes_food=Right(), no_food=Left())), IfFood(yes_food=Left(), no_food=Right()), Move(), Move(), Right(), Move(), IfFood(yes_food=Move(), no_food=Left()), Left(), Right(), Move(), Left(), IfFood(yes_food=Left(), no_food=IfFood(yes_food=Left(), no_food=Left())), IfFood(yes_food=Left(), no_food=IfFood(yes_food=Right(), no_food=IfFood(yes_food=Move(), no_food=Left()))), Right()])","{<class 'examples.santafe.IfFood'>: 0, <class 'examples.santafe.Left'>: 0, <class 'examples.santafe.ActionBlock'>: 1, <class 'examples.santafe.Right'>: 0, <class 'examples.santafe.Action'>: 0, <class 'examples.santafe.Move'>: 0, <class 'examples.santafe.ActionMain'>: 1}"
6.0,4,14,21,1.0722146034240723,3,"ActionBlock(actions=[Move(), Left(), Left(), Right(), Right(), IfFood(yes_food=Move(), no_food=Right()), Move(), Left(), IfFood(yes_food=Right(), no_food=Left()), Right(), IfFood(yes_food=Right(), no_food=Right()), Left(), IfFood(yes_food=IfFood(yes_food=Move(), no_food=Right()), no_food=IfFood(yes_food=Right(), no_food=Left())), IfFood(yes_food=Left(), no_food=Right()), Move(), Move(), Right(), Move(), IfFood(yes_food=Move(), no_food=Left()), Left(), Right(), Move(), Left(), IfFood(yes_food=Left(), no_food=IfFood(yes_food=Left(), no_food=Left())), IfFood(yes_food=Left(), no_food=IfFood(yes_food=Right(), no_food=IfFood(yes_food=Move(), no_food=Left()))), Right()])","{<class 'examples.santafe.IfFood'>: 0, <class 'examples.santafe.Left'>: 0, <class 'examples.santafe.ActionBlock'>: 1, <class 'examples.santafe.Right'>: 0, <class 'examples.santafe.Action'>: 0, <class 'examples.santafe.Move'>: 0, <class 'examples.santafe.ActionMain'>: 1}"
6.0,4,14,22,1.1218140125274658,3,"ActionBlock(actions=[Move(), Left(), Left(), Right(), Right(), IfFood(yes_food=Move(), no_food=Right()), Move(), Left(), IfFood(yes_food=Right(), no_food=Left()), Right(), IfFood(yes_food=Right(), no_food=Right()), Left(), IfFood(yes_food=IfFood(yes_food=Move(), no_food=Right()), no_food=IfFood(yes_food=Right(), no_food=Left())), IfFood(yes_food=Left(), no_food=Right()), Move(), Move(), Right(), Move(), IfFood(yes_food=Move(), no_food=Left()), Left(), Right(), Move(), Left(), IfFood(yes_food=Left(), no_food=IfFood(yes_food=Left(), no_food=Left())), IfFood(yes_food=Left(), no_food=IfFood(yes_food=Right(), no_food=IfFood(yes_food=Move(), no_food=Left()))), Right()])","{<class 'examples.santafe.IfFood'>: 0, <class 'examples.santafe.Left'>: 0, <class 'examples.santafe.ActionBlock'>: 1, <class 'examples.santafe.Right'>: 0, <class 'examples.santafe.Action'>: 0, <class 'examples.santafe.Move'>: 0, <class 'examples.santafe.ActionMain'>: 1}"
6.0,4,14,23,1.15995454788208,3,"ActionBlock(actions=[Move(), Left(), Left(), Right(), Right(), IfFood(yes_food=Move(), no_food=Right()), Move(), Left(), IfFood(yes_food=Right(), no_food=Left()), Right(), IfFood(yes_food=Right(), no_food=Right()), Left(), IfFood(yes_food=IfFood(yes_food=Move(), no_food=Right()), no_food=IfFood(yes_food=Right(), no_food=Left())), IfFood(yes_food=Left(), no_food=Right()), Move(), Move(), Right(), Move(), IfFood(yes_food=Move(), no_food=Left()), Left(), Right(), Move(), Left(), IfFood(yes_food=Left(), no_food=IfFood(yes_food=Left(), no_food=Left())), IfFood(yes_food=Left(), no_food=IfFood(yes_food=Right(), no_food=IfFood(yes_food=Move(), no_food=Left()))), Right()])","{<class 'examples.santafe.IfFood'>: 0, <class 'examples.santafe.Left'>: 0, <class 'examples.santafe.ActionBlock'>: 1, <class 'examples.santafe.Right'>: 0, <class 'examples.santafe.Action'>: 0, <class 'examples.santafe.Move'>: 0, <class 'examples.santafe.ActionMain'>: 1}"
6.0,4,14,24,1.1967618465423584,3,"ActionBlock(actions=[Move(), Left(), Left(), Right(), Right(), IfFood(yes_food=Move(), no_food=Right()), Move(), Left(), IfFood(yes_food=Right(), no_food=Left()), Right(), IfFood(yes_food=Right(), no_food=Right()), Left(), IfFood(yes_food=IfFood(yes_food=Move(), no_food=Right()), no_food=IfFood(yes_food=Right(), no_food=Left())), IfFood(yes_food=Left(), no_food=Right()), Move(), Move(), Right(), Move(), IfFood(yes_food=Move(), no_food=Left()), Left(), Right(), Move(), Left(), IfFood(yes_food=Left(), no_food=IfFood(yes_food=Left(), no_food=Left())), IfFood(yes_food=Left(), no_food=IfFood(yes_food=Right(), no_food=IfFood(yes_food=Move(), no_food=Left()))), Right()])","{<class 'examples.santafe.IfFood'>: 0, <class 'examples.santafe.Left'>: 0, <class 'examples.santafe.ActionBlock'>: 1, <class 'examples.santafe.Right'>: 0, <class 'examples.santafe.Action'>: 0, <class 'examples.santafe.Move'>: 0, <class 'examples.santafe.ActionMain'>: 1}"
6.0,4,14,25,1.2411231994628906,3,"ActionBlock(actions=[Move(), Left(), Left(), Right(), Right(), IfFood(yes_food=Move(), no_food=Right()), Move(), Left(), IfFood(yes_food=Right(), no_food=Left()), Right(), IfFood(yes_food=Right(), no_food=Right()), Left(), IfFood(yes_food=IfFood(yes_food=Move(), no_food=Right()), no_food=IfFood(yes_food=Right(), no_food=Left())), IfFood(yes_food=Left(), no_food=Right()), Move(), Move(), Right(), Move(), IfFood(yes_food=Move(), no_food=Left()), Left(), Right(), Move(), Left(), IfFood(yes_food=Left(), no_food=IfFood(yes_food=Left(), no_food=Left())), IfFood(yes_food=Left(), no_food=IfFood(yes_food=Right(), no_food=IfFood(yes_food=Move(), no_food=Left()))), Right()])","{<class 'examples.santafe.IfFood'>: 0, <class 'examples.santafe.Left'>: 0, <class 'examples.santafe.ActionBlock'>: 1, <class 'examples.santafe.Right'>: 0, <class 'examples.santafe.Action'>: 0, <class 'examples.santafe.Move'>: 0, <class 'examples.santafe.ActionMain'>: 1}"
6.0,4,14,26,1.3124468326568604,3,"ActionBlock(actions=[Move(), Left(), Left(), Right(), Right(), IfFood(yes_food=Move(), no_food=Right()), Move(), Left(), IfFood(yes_food=Right(), no_food=Left()), Right(), IfFood(yes_food=Right(), no_food=Right()), Left(), IfFood(yes_food=IfFood(yes_food=Move(), no_food=Right()), no_food=IfFood(yes_food=Right(), no_food=Left())), IfFood(yes_food=Left(), no_food=Right()), Move(), Move(), Right(), Move(), IfFood(yes_food=Move(), no_food=Left()), Left(), Right(), Move(), Left(), IfFood(yes_food=Left(), no_food=IfFood(yes_food=Left(), no_food=Left())), IfFood(yes_food=Left(), no_food=IfFood(yes_food=Right(), no_food=IfFood(yes_food=Move(), no_food=Left()))), Right()])","{<class 'examples.santafe.IfFood'>: 0, <class 'examples.santafe.Left'>: 0, <class 'examples.santafe.ActionBlock'>: 1, <class 'examples.santafe.Right'>: 0, <class 'examples.santafe.Action'>: 0, <class 'examples.santafe.Move'>: 0, <class 'examples.santafe.ActionMain'>: 1}"
6.0,4,14,27,1.3683497905731201,3,"ActionBlock(actions=[Move(), Left(), Left(), Right(), Right(), IfFood(yes_food=Move(), no_food=Right()), Move(), Left(), IfFood(yes_food=Right(), no_food=Left()), Right(), IfFood(yes_food=Right(), no_food=Right()), Left(), IfFood(yes_food=IfFood(yes_food=Move(), no_food=Right()), no_food=IfFood(yes_food=Right(), no_food=Left())), IfFood(yes_food=Left(), no_food=Right()), Move(), Move(), Right(), Move(), IfFood(yes_food=Move(), no_food=Left()), Left(), Right(), Move(), Left(), IfFood(yes_food=Left(), no_food=IfFood(yes_food=Left(), no_food=Left())), IfFood(yes_food=Left(), no_food=IfFood(yes_food=Right(), no_food=IfFood(yes_food=Move(), no_food=Left()))), Right()])","{<class 'examples.santafe.IfFood'>: 0, <class 'examples.santafe.Left'>: 0, <class 'examples.santafe.ActionBlock'>: 1, <class 'examples.santafe.Right'>: 0, <class 'examples.santafe.Action'>: 0, <class 'examples.santafe.Move'>: 0, <class 'examples.santafe.ActionMain'>: 1}"
6.0,4,14,28,1.4175724983215332,3,"ActionBlock(actions=[Move(), Left(), Left(), Right(), Right(), IfFood(yes_food=Move(), no_food=Right()), Move(), Left(), IfFood(yes_food=Right(), no_food=Left()), Right(), IfFood(yes_food=Right(), no_food=Right()), Left(), IfFood(yes_food=IfFood(yes_food=Move(), no_food=Right()), no_food=IfFood(yes_food=Right(), no_food=Left())), IfFood(yes_food=Left(), no_food=Right()), Move(), Move(), Right(), Move(), IfFood(yes_food=Move(), no_food=Left()), Left(), Right(), Move(), Left(), IfFood(yes_food=Left(), no_food=IfFood(yes_food=Left(), no_food=Left())), IfFood(yes_food=Left(), no_food=IfFood(yes_food=Right(), no_food=IfFood(yes_food=Move(), no_food=Left()))), Right()])","{<class 'examples.santafe.IfFood'>: 0, <class 'examples.santafe.Left'>: 0, <class 'examples.santafe.ActionBlock'>: 1, <class 'examples.santafe.Right'>: 0, <class 'examples.santafe.Action'>: 0, <class 'examples.santafe.Move'>: 0, <class 'examples.santafe.ActionMain'>: 1}"
8.0,3,15,29,1.4669525623321533,3,"ActionBlock(actions=[Right(), IfFood(yes_food=Left(), no_food=Left()), Right(), IfFood(yes_food=Right(), no_food=Right()), IfFood(yes_food=IfFood(yes_food=Left(), no_food=Left()), no_food=Right()), Right(), Left(), Right(), Move(), Move(), IfFood(yes_food=Move(), no_food=Move()), IfFood(yes_food=IfFood(yes_food=Left(), no_food=Left()), no_food=IfFood(yes_food=Left(), no_food=Left())), Left(), Left(), IfFood(yes_food=Move(), no_food=Move()), Move(), Left(), IfFood(yes_food=IfFood(yes_food=Right(), no_food=Left()), no_food=Right()), Move(), Move(), Move(), IfFood(yes_food=IfFood(yes_food=Right(), no_food=Move()), no_food=Move()), Right(), Move(), Move(), Right()])","{<class 'examples.santafe.IfFood'>: 0, <class 'examples.santafe.Left'>: 0, <class 'examples.santafe.ActionBlock'>: 1, <class 'examples.santafe.Right'>: 0, <class 'examples.santafe.Action'>: 0, <class 'examples.santafe.Move'>: 0, <class 'examples.santafe.ActionMain'>: 1}"
8.0,3,15,30,1.5030653476715088,3,"ActionBlock(actions=[Right(), IfFood(yes_food=Left(), no_food=Left()), Right(), IfFood(yes_food=Right(), no_food=Right()), IfFood(yes_food=IfFood(yes_food=Left(), no_food=Left()), no_food=Right()), Right(), Left(), Right(), Move(), Move(), IfFood(yes_food=Move(), no_food=Move()), IfFood(yes_food=IfFood(yes_food=Left(), no_food=Left()), no_food=IfFood(yes_food=Left(), no_food=Left())), Left(), Left(), IfFood(yes_food=Move(), no_food=Move()), Move(), Left(), IfFood(yes_food=IfFood(yes_food=Right(), no_food=Left()), no_food=Right()), Move(), Move(), Move(), IfFood(yes_food=IfFood(yes_food=Right(), no_food=Move()), no_food=Move()), Right(), Move(), Move(), Right()])","{<class 'examples.santafe.IfFood'>: 0, <class 'examples.santafe.Left'>: 0, <class 'examples.santafe.ActionBlock'>: 1, <class 'examples.santafe.Right'>: 0, <class 'examples.santafe.Action'>: 0, <class 'examples.santafe.Move'>: 0, <class 'examples.santafe.ActionMain'>: 1}"
8.0,3,15,31,1.5416510105133057,3,"ActionBlock(actions=[Right(), IfFood(yes_food=Left(), no_food=Left()), Right(), IfFood(yes_food=Right(), no_food=Right()), IfFood(yes_food=IfFood(yes_food=Left(), no_food=Left()), no_food=Right()), Right(), Left(), Right(), Move(), Move(), IfFood(yes_food=Move(), no_food=Move()), IfFood(yes_food=IfFood(yes_food=Left(), no_food=Left()), no_food=IfFood(yes_food=Left(), no_food=Left())), Left(), Left(), IfFood(yes_food=Move(), no_food=Move()), Move(), Left(), IfFood(yes_food=IfFood(yes_food=Right(), no_food=Left()), no_food=Right()), Move(), Move(), Move(), IfFood(yes_food=IfFood(yes_food=Right(), no_food=Move()), no_food=Move()), Right(), Move(), Move(), Right()])","{<class 'examples.santafe.IfFood'>: 0, <class 'examples.santafe.Left'>: 0, <class 'examples.santafe.ActionBlock'>: 1, <class 'examples.santafe.Right'>: 0, <class 'examples.santafe.Action'>: 0, <class 'examples.santafe.Move'>: 0, <class 'examples.santafe.ActionMain'>: 1}"
8.0,3,15,32,1.5823512077331543,3,"ActionBlock(actions=[Right(), IfFood(yes_food=Left(), no_food=Left()), Right(), IfFood(yes_food=Right(), no_food=Right()), IfFood(yes_food=IfFood(yes_food=Left(), no_food=Left()), no_food=Right()), Right(), Left(), Right(), Move(), Move(), IfFood(yes_food=Move(), no_food=Move()), IfFood(yes_food=IfFood(yes_food=Left(), no_food=Left()), no_food=IfFood(yes_food=Left(), no_food=Left())), Left(), Left(), IfFood(yes_food=Move(), no_food=Move()), Move(), Left(), IfFood(yes_food=IfFood(yes_food=Right(), no_food=Left()), no_food=Right()), Move(), Move(), Move(), IfFood(yes_food=IfFood(yes_food=Right(), no_food=Move()), no_food=Move()), Right(), Move(), Move(), Right()])","{<class 'examples.santafe.IfFood'>: 0, <class 'examples.santafe.Left'>: 0, <class 'examples.santafe.ActionBlock'>: 1, <class 'examples.santafe.Right'>: 0, <class 'examples.santafe.Action'>: 0, <class 'examples.santafe.Move'>: 0, <class 'examples.santafe.ActionMain'>: 1}"
8.0,3,15,33,1.6251897811889648,3,"ActionBlock(actions=[Right(), IfFood(yes_food=Left(), no_food=Left()), Right(), IfFood(yes_food=Right(), no_food=Right()), IfFood(yes_food=IfFood(yes_food=Left(), no_food=Left()), no_food=Right()), Right(), Left(), Right(), Move(), Move(), IfFood(yes_food=Move(), no_food=Move()), IfFood(yes_food=IfFood(yes_food=Left(), no_food=Left()), no_food=IfFood(yes_food=Left(), no_food=Left())), Left(), Left(), IfFood(yes_food=Move(), no_food=Move()), Move(), Left(), IfFood(yes_food=IfFood(yes_food=Right(), no_food=Left()), no_food=Right()), Move(), Move(), Move(), IfFood(yes_food=IfFood(yes_food=Right(), no_food=Move()), no_food=Move()), Right(), Move(), Move(), Right()])","{<class 'examples.santafe.IfFood'>: 0, <class 'examples.santafe.Left'>: 0, <class 'examples.santafe.ActionBlock'>: 1, <class 'examples.santafe.Right'>: 0, <class 'examples.santafe.Action'>: 0, <class 'examples.santafe.Move'>: 0, <class 'examples.santafe.ActionMain'>: 1}"
8.0,3,15,34,1.663407802581787,3,"ActionBlock(actions=[Right(), IfFood(yes_food=Left(), no_food=Left()), Right(), IfFood(yes_food=Right(), no_food=Right()), IfFood(yes_food=IfFood(yes_food=Left(), no_food=Left()), no_food=Right()), Right(), Left(), Right(), Move(), Move(), IfFood(yes_food=Move(), no_food=Move()), IfFood(yes_food=IfFood(yes_food=Left(), no_food=Left()), no_food=IfFood(yes_food=Left(), no_food=Left())), Left(), Left(), IfFood(yes_food=Move(), no_food=Move()), Move(), Left(), IfFood(yes_food=IfFood(yes_food=Right(), no_food=Left()), no_food=Right()), Move(), Move(), Move(), IfFood(yes_food=IfFood(yes_food=Right(), no_food=Move()), no_food=Move()), Right(), Move(), Move(), Right()])","{<class 'examples.santafe.IfFood'>: 0, <class 'examples.santafe.Left'>: 0, <class 'examples.santafe.ActionBlock'>: 1, <class 'examples.santafe.Right'>: 0, <class 'examples.santafe.Action'>: 0, <class 'examples.santafe.Move'>: 0, <class 'examples.santafe.ActionMain'>: 1}"
8.0,3,15,35,1.7199764251708984,3,"ActionBlock(actions=[Right(), IfFood(yes_food=Left(), no_food=Left()), Right(), IfFood(yes_food=Right(), no_food=Right()), IfFood(yes_food=IfFood(yes_food=Left(), no_food=Left()), no_food=Right()), Right(), Left(), Right(), Move(), Move(), IfFood(yes_food=Move(), no_food=Move()), IfFood(yes_food=IfFood(yes_food=Left(), no_food=Left()), no_food=IfFood(yes_food=Left(), no_food=Left())), Left(), Left(), IfFood(yes_food=Move(), no_food=Move()), Move(), Left(), IfFood(yes_food=IfFood(yes_food=Right(), no_food=Left()), no_food=Right()), Move(), Move(), Move(), IfFood(yes_food=IfFood(yes_food=Right(), no_food=Move()), no_food=Move()), Right(), Move(), Move(), Right()])","{<class 'examples.santafe.IfFood'>: 0, <class 'examples.santafe.Left'>: 0, <class 'examples.santafe.ActionBlock'>: 1, <class 'examples.santafe.Right'>: 0, <class 'examples.santafe.Action'>: 0, <class 'examples.santafe.Move'>: 0, <class 'examples.santafe.ActionMain'>: 1}"
8.0,3,15,36,1.7639906406402588,3,"ActionBlock(actions=[Right(), IfFood(yes_food=Left(), no_food=Left()), Right(), IfFood(yes_food=Right(), no_food=Right()), IfFood(yes_food=IfFood(yes_food=Left(), no_food=Left()), no_food=Right()), Right(), Left(), Right(), Move(), Move(), IfFood(yes_food=Move(), no_food=Move()), IfFood(yes_food=IfFood(yes_food=Left(), no_food=Left()), no_food=IfFood(yes_food=Left(), no_food=Left())), Left(), Left(), IfFood(yes_food=Move(), no_food=Move()), Move(), Left(), IfFood(yes_food=IfFood(yes_food=Right(), no_food=Left()), no_food=Right()), Move(), Move(), Move(), IfFood(yes_food=IfFood(yes_food=Right(), no_food=Move()), no_food=Move()), Right(), Move(), Move(), Right()])","{<class 'examples.santafe.IfFood'>: 0, <class 'examples.santafe.Left'>: 0, <class 'examples.santafe.ActionBlock'>: 1, <class 'examples.santafe.Right'>: 0, <class 'examples.santafe.Action'>: 0, <class 'examples.santafe.Move'>: 0, <class 'examples.santafe.ActionMain'>: 1}"
8.0,3,15,37,1.7957258224487305,3,"ActionBlock(actions=[Right(), IfFood(yes_food=Left(), no_food=Left()), Right(), IfFood(yes_food=Right(), no_food=Right()), IfFood(yes_food=IfFood(yes_food=Left(), no_food=Left()), no_food=Right()), Right(), Left(), Right(), Move(), Move(), IfFood(yes_food=Move(), no_food=Move()), IfFood(yes_food=IfFood(yes_food=Left(), no_food=Left()), no_food=IfFood(yes_food=Left(), no_food=Left())), Left(), Left(), IfFood(yes_food=Move(), no_food=Move()), Move(), Left(), IfFood(yes_food=IfFood(yes_food=Right(), no_food=Left()), no_food=Right()), Move(), Move(), Move(), IfFood(yes_food=IfFood(yes_food=Right(), no_food=Move()), no_food=Move()), Right(), Move(), Move(), Right()])","{<class 'examples.santafe.IfFood'>: 0, <class 'examples.santafe.Left'>: 0, <class 'examples.santafe.ActionBlock'>: 1, <class 'examples.santafe.Right'>: 0, <class 'examples.santafe.Action'>: 0, <class 'examples.santafe.Move'>: 0, <class 'examples.santafe.ActionMain'>: 1}"
8.0,3,15,38,1.8260066509246826,3,"ActionBlock(actions=[Right(), IfFood(yes_food=Left(), no_food=Left()), Right(), IfFood(yes_food=Right(), no_food=Right()), IfFood(yes_food=IfFood(yes_food=Left(), no_food=Left()), no_food=Right()), Right(), Left(), Right(), Move(), Move(), IfFood(yes_food=Move(), no_food=Move()), IfFood(yes_food=IfFood(yes_food=Left(), no_food=Left()), no_food=IfFood(yes_food=Left(), no_food=Left())), Left(), Left(), IfFood(yes_food=Move(), no_food=Move()), Move(), Left(), IfFood(yes_food=IfFood(yes_food=Right(), no_food=Left()), no_food=Right()), Move(), Move(), Move(), IfFood(yes_food=IfFood(yes_food=Right(), no_food=Move()), no_food=Move()), Right(), Move(), Move(), Right()])","{<class 'examples.santafe.IfFood'>: 0, <class 'examples.santafe.Left'>: 0, <class 'examples.santafe.ActionBlock'>: 1, <class 'examples.santafe.Right'>: 0, <class 'examples.santafe.Action'>: 0, <class 'examples.santafe.Move'>: 0, <class 'examples.santafe.ActionMain'>: 1}"
8.0,3,15,39,1.8725578784942627,3,"ActionBlock(actions=[Right(), IfFood(yes_food=Left(), no_food=Left()), Right(), IfFood(yes_food=Right(), no_food=Right()), IfFood(yes_food=IfFood(yes_food=Left(), no_food=Left()), no_food=Right()), Right(), Left(), Right(), Move(), Move(), IfFood(yes_food=Move(), no_food=Move()), IfFood(yes_food=IfFood(yes_food=Left(), no_food=Left()), no_food=IfFood(yes_food=Left(), no_food=Left())), Left(), Left(), IfFood(yes_food=Move(), no_food=Move()), Move(), Left(), IfFood(yes_food=IfFood(yes_food=Right(), no_food=Left()), no_food=Right()), Move(), Move(), Move(), IfFood(yes_food=IfFood(yes_food=Right(), no_food=Move()), no_food=Move()), Right(), Move(), Move(), Right()])","{<class 'examples.santafe.IfFood'>: 0, <class 'examples.santafe.Left'>: 0, <class 'examples.santafe.ActionBlock'>: 1, <class 'examples.santafe.Right'>: 0, <class 'examples.santafe.Action'>: 0, <class 'examples.santafe.Move'>: 0, <class 'examples.santafe.ActionMain'>: 1}"
8.0,3,15,40,1.915220022201538,3,"ActionBlock(actions=[Right(), IfFood(yes_food=Left(), no_food=Left()), Right(), IfFood(yes_food=Right(), no_food=Right()), IfFood(yes_food=IfFood(yes_food=Left(), no_food=Left()), no_food=Right()), Right(), Left(), Right(), Move(), Move(), IfFood(yes_food=Move(), no_food=Move()), IfFood(yes_food=IfFood(yes_food=Left(), no_food=Left()), no_food=IfFood(yes_food=Left(), no_food=Left())), Left(), Left(), IfFood(yes_food=Move(), no_food=Move()), Move(), Left(), IfFood(yes_food=IfFood(yes_food=Right(), no_food=Left()), no_food=Right()), Move(), Move(), Move(), IfFood(yes_food=IfFood(yes_food=Right(), no_food=Move()), no_food=Move()), Right(), Move(), Move(), Right()])","{<class 'examples.santafe.IfFood'>: 0, <class 'examples.santafe.Left'>: 0, <class 'examples.santafe.ActionBlock'>: 1, <class 'examples.santafe.Right'>: 0, <class 'examples.santafe.Action'>: 0, <class 'examples.santafe.Move'>: 0, <class 'examples.santafe.ActionMain'>: 1}"
8.0,3,15,41,1.9641461372375488,3,"ActionBlock(actions=[Right(), IfFood(yes_food=Left(), no_food=Left()), Right(), IfFood(yes_food=Right(), no_food=Right()), IfFood(yes_food=IfFood(yes_food=Left(), no_food=Left()), no_food=Right()), Right(), Left(), Right(), Move(), Move(), IfFood(yes_food=Move(), no_food=Move()), IfFood(yes_food=IfFood(yes_food=Left(), no_food=Left()), no_food=IfFood(yes_food=Left(), no_food=Left())), Left(), Left(), IfFood(yes_food=Move(), no_food=Move()), Move(), Left(), IfFood(yes_food=IfFood(yes_food=Right(), no_food=Left()), no_food=Right()), Move(), Move(), Move(), IfFood(yes_food=IfFood(yes_food=Right(), no_food=Move()), no_food=Move()), Right(), Move(), Move(), Right()])","{<class 'examples.santafe.IfFood'>: 0, <class 'examples.santafe.Left'>: 0, <class 'examples.santafe.ActionBlock'>: 1, <class 'examples.santafe.Right'>: 0, <class 'examples.santafe.Action'>: 0, <class 'examples.santafe.Move'>: 0, <class 'examples.santafe.ActionMain'>: 1}"
8.0,3,15,42,2.006166934967041,3,"ActionBlock(actions=[Right(), IfFood(yes_food=Left(), no_food=Left()), Right(), IfFood(yes_food=Right(), no_food=Right()), IfFood(yes_food=IfFood(yes_food=Left(), no_food=Left()), no_food=Right()), Right(), Left(), Right(), Move(), Move(), IfFood(yes_food=Move(), no_food=Move()), IfFood(yes_food=IfFood(yes_food=Left(), no_food=Left()), no_food=IfFood(yes_food=Left(), no_food=Left())), Left(), Left(), IfFood(yes_food=Move(), no_food=Move()), Move(), Left(), IfFood(yes_food=IfFood(yes_food=Right(), no_food=Left()), no_food=Right()), Move(), Move(), Move(), IfFood(yes_food=IfFood(yes_food=Right(), no_food=Move()), no_food=Move()), Right(), Move(), Move(), Right()])","{<class 'examples.santafe.IfFood'>: 0, <class 'examples.santafe.Left'>: 0, <class 'examples.santafe.ActionBlock'>: 1, <class 'examples.santafe.Right'>: 0, <class 'examples.santafe.Action'>: 0, <class 'examples.santafe.Move'>: 0, <class 'examples.santafe.ActionMain'>: 1}"
8.0,3,15,43,2.0518908500671387,3,"ActionBlock(actions=[Right(), IfFood(yes_food=Left(), no_food=Left()), Right(), IfFood(yes_food=Right(), no_food=Right()), IfFood(yes_food=IfFood(yes_food=Left(), no_food=Left()), no_food=Right()), Right(), Left(), Right(), Move(), Move(), IfFood(yes_food=Move(), no_food=Move()), IfFood(yes_food=IfFood(yes_food=Left(), no_food=Left()), no_food=IfFood(yes_food=Left(), no_food=Left())), Left(), Left(), IfFood(yes_food=Move(), no_food=Move()), Move(), Left(), IfFood(yes_food=IfFood(yes_food=Right(), no_food=Left()), no_food=Right()), Move(), Move(), Move(), IfFood(yes_food=IfFood(yes_food=Right(), no_food=Move()), no_food=Move()), Right(), Move(), Move(), Right()])","{<class 'examples.santafe.IfFood'>: 0, <class 'examples.santafe.Left'>: 0, <class 'examples.santafe.ActionBlock'>: 1, <class 'examples.santafe.Right'>: 0, <class 'examples.santafe.Action'>: 0, <class 'examples.santafe.Move'>: 0, <class 'examples.santafe.ActionMain'>: 1}"
8.0,3,15,44,2.088859796524048,3,"ActionBlock(actions=[Right(), IfFood(yes_food=Left(), no_food=Left()), Right(), IfFood(yes_food=Right(), no_food=Right()), IfFood(yes_food=IfFood(yes_food=Left(), no_food=Left()), no_food=Right()), Right(), Left(), Right(), Move(), Move(), IfFood(yes_food=Move(), no_food=Move()), IfFood(yes_food=IfFood(yes_food=Left(), no_food=Left()), no_food=IfFood(yes_food=Left(), no_food=Left())), Left(), Left(), IfFood(yes_food=Move(), no_food=Move()), Move(), Left(), IfFood(yes_food=IfFood(yes_food=Right(), no_food=Left()), no_food=Right()), Move(), Move(), Move(), IfFood(yes_food=IfFood(yes_food=Right(), no_food=Move()), no_food=Move()), Right(), Move(), Move(), Right()])","{<class 'examples.santafe.IfFood'>: 0, <class 'examples.santafe.Left'>: 0, <class 'examples.santafe.ActionBlock'>: 1, <class 'examples.santafe.Right'>: 0, <class 'examples.santafe.Action'>: 0, <class 'examples.santafe.Move'>: 0, <class 'examples.santafe.ActionMain'>: 1}"
8.0,3,15,45,2.178616762161255,3,"ActionBlock(actions=[Right(), IfFood(yes_food=Left(), no_food=Left()), Right(), IfFood(yes_food=Right(), no_food=Right()), IfFood(yes_food=IfFood(yes_food=Left(), no_food=Left()), no_food=Right()), Right(), Left(), Right(), Move(), Move(), IfFood(yes_food=Move(), no_food=Move()), IfFood(yes_food=IfFood(yes_food=Left(), no_food=Left()), no_food=IfFood(yes_food=Left(), no_food=Left())), Left(), Left(), IfFood(yes_food=Move(), no_food=Move()), Move(), Left(), IfFood(yes_food=IfFood(yes_food=Right(), no_food=Left()), no_food=Right()), Move(), Move(), Move(), IfFood(yes_food=IfFood(yes_food=Right(), no_food=Move()), no_food=Move()), Right(), Move(), Move(), Right()])","{<class 'examples.santafe.IfFood'>: 0, <class 'examples.santafe.Left'>: 0, <class 'examples.santafe.ActionBlock'>: 1, <class 'examples.santafe.Right'>: 0, <class 'examples.santafe.Action'>: 0, <class 'examples.santafe.Move'>: 0, <class 'examples.santafe.ActionMain'>: 1}"
8.0,3,15,46,2.224139451980591,3,"ActionBlock(actions=[Right(), IfFood(yes_food=Left(), no_food=Left()), Right(), IfFood(yes_food=Right(), no_food=Right()), IfFood(yes_food=IfFood(yes_food=Left(), no_food=Left()), no_food=Right()), Right(), Left(), Right(), Move(), Move(), IfFood(yes_food=Move(), no_food=Move()), IfFood(yes_food=IfFood(yes_food=Left(), no_food=Left()), no_food=IfFood(yes_food=Left(), no_food=Left())), Left(), Left(), IfFood(yes_food=Move(), no_food=Move()), Move(), Left(), IfFood(yes_food=IfFood(yes_food=Right(), no_food=Left()), no_food=Right()), Move(), Move(), Move(), IfFood(yes_food=IfFood(yes_food=Right(), no_food=Move()), no_food=Move()), Right(), Move(), Move(), Right()])","{<class 'examples.santafe.IfFood'>: 0, <class 'examples.santafe.Left'>: 0, <class 'examples.santafe.ActionBlock'>: 1, <class 'examples.santafe.Right'>: 0, <class 'examples.santafe.Action'>: 0, <class 'examples.santafe.Move'>: 0, <class 'examples.santafe.ActionMain'>: 1}"
8.0,3,15,47,2.264496088027954,3,"ActionBlock(actions=[Right(), IfFood(yes_food=Left(), no_food=Left()), Right(), IfFood(yes_food=Right(), no_food=Right()), IfFood(yes_food=IfFood(yes_food=Left(), no_food=Left()), no_food=Right()), Right(), Left(), Right(), Move(), Move(), IfFood(yes_food=Move(), no_food=Move()), IfFood(yes_food=IfFood(yes_food=Left(), no_food=Left()), no_food=IfFood(yes_food=Left(), no_food=Left())), Left(), Left(), IfFood(yes_food=Move(), no_food=Move()), Move(), Left(), IfFood(yes_food=IfFood(yes_food=Right(), no_food=Left()), no_food=Right()), Move(), Move(), Move(), IfFood(yes_food=IfFood(yes_food=Right(), no_food=Move()), no_food=Move()), Right(), Move(), Move(), Right()])","{<class 'examples.santafe.IfFood'>: 0, <class 'examples.santafe.Left'>: 0, <class 'examples.santafe.ActionBlock'>: 1, <class 'examples.santafe.Right'>: 0, <class 'examples.santafe.Action'>: 0, <class 'examples.santafe.Move'>: 0, <class 'examples.santafe.ActionMain'>: 1}"
8.0,3,15,48,2.322430372238159,3,"ActionBlock(actions=[Right(), IfFood(yes_food=Left(), no_food=Left()), Right(), IfFood(yes_food=Right(), no_food=Right()), IfFood(yes_food=IfFood(yes_food=Left(), no_food=Left()), no_food=Right()), Right(), Left(), Right(), Move(), Move(), IfFood(yes_food=Move(), no_food=Move()), IfFood(yes_food=IfFood(yes_food=Left(), no_food=Left()), no_food=IfFood(yes_food=Left(), no_food=Left())), Left(), Left(), IfFood(yes_food=Move(), no_food=Move()), Move(), Left(), IfFood(yes_food=IfFood(yes_food=Right(), no_food=Left()), no_food=Right()), Move(), Move(), Move(), IfFood(yes_food=IfFood(yes_food=Right(), no_food=Move()), no_food=Move()), Right(), Move(), Move(), Right()])","{<class 'examples.santafe.IfFood'>: 0, <class 'examples.santafe.Left'>: 0, <class 'examples.santafe.ActionBlock'>: 1, <class 'examples.santafe.Right'>: 0, <class 'examples.santafe.Action'>: 0, <class 'examples.santafe.Move'>: 0, <class 'examples.santafe.ActionMain'>: 1}"
8.0,3,15,49,2.358332872390747,3,"ActionBlock(actions=[Right(), IfFood(yes_food=Left(), no_food=Left()), Right(), IfFood(yes_food=Right(), no_food=Right()), IfFood(yes_food=IfFood(yes_food=Left(), no_food=Left()), no_food=Right()), Right(), Left(), Right(), Move(), Move(), IfFood(yes_food=Move(), no_food=Move()), IfFood(yes_food=IfFood(yes_food=Left(), no_food=Left()), no_food=IfFood(yes_food=Left(), no_food=Left())), Left(), Left(), IfFood(yes_food=Move(), no_food=Move()), Move(), Left(), IfFood(yes_food=IfFood(yes_food=Right(), no_food=Left()), no_food=Right()), Move(), Move(), Move(), IfFood(yes_food=IfFood(yes_food=Right(), no_food=Move()), no_food=Move()), Right(), Move(), Move(), Right()])","{<class 'examples.santafe.IfFood'>: 0, <class 'examples.santafe.Left'>: 0, <class 'examples.santafe.ActionBlock'>: 1, <class 'examples.santafe.Right'>: 0, <class 'examples.santafe.Action'>: 0, <class 'examples.santafe.Move'>: 0, <class 'examples.santafe.ActionMain'>: 1}"
8.0,3,15,50,2.4497385025024414,3,"ActionBlock(actions=[Right(), IfFood(yes_food=Left(), no_food=Left()), Right(), IfFood(yes_food=Right(), no_food=Right()), IfFood(yes_food=IfFood(yes_food=Left(), no_food=Left()), no_food=Right()), Right(), Left(), Right(), Move(), Move(), IfFood(yes_food=Move(), no_food=Move()), IfFood(yes_food=IfFood(yes_food=Left(), no_food=Left()), no_food=IfFood(yes_food=Left(), no_food=Left())), Left(), Left(), IfFood(yes_food=Move(), no_food=Move()), Move(), Left(), IfFood(yes_food=IfFood(yes_food=Right(), no_food=Left()), no_food=Right()), Move(), Move(), Move(), IfFood(yes_food=IfFood(yes_food=Right(), no_food=Move()), no_food=Move()), Right(), Move(), Move(), Right()])","{<class 'examples.santafe.IfFood'>: 0, <class 'examples.santafe.Left'>: 0, <class 'examples.santafe.ActionBlock'>: 1, <class 'examples.santafe.Right'>: 0, <class 'examples.santafe.Action'>: 0, <class 'examples.santafe.Move'>: 0, <class 'examples.santafe.ActionMain'>: 1}"
8.0,3,15,51,2.502697229385376,3,"ActionBlock(actions=[Right(), IfFood(yes_food=Left(), no_food=Left()), Right(), IfFood(yes_food=Right(), no_food=Right()), IfFood(yes_food=IfFood(yes_food=Left(), no_food=Left()), no_food=Right()), Right(), Left(), Right(), Move(), Move(), IfFood(yes_food=Move(), no_food=Move()), IfFood(yes_food=IfFood(yes_food=Left(), no_food=Left()), no_food=IfFood(yes_food=Left(), no_food=Left())), Left(), Left(), IfFood(yes_food=Move(), no_food=Move()), Move(), Left(), IfFood(yes_food=IfFood(yes_food=Right(), no_food=Left()), no_food=Right()), Move(), Move(), Move(), IfFood(yes_food=IfFood(yes_food=Right(), no_food=Move()), no_food=Move()), Right(), Move(), Move(), Right()])","{<class 'examples.santafe.IfFood'>: 0, <class 'examples.santafe.Left'>: 0, <class 'examples.santafe.ActionBlock'>: 1, <class 'examples.santafe.Right'>: 0, <class 'examples.santafe.Action'>: 0, <class 'examples.santafe.Move'>: 0, <class 'examples.santafe.ActionMain'>: 1}"
8.0,3,15,52,2.54455304145813,3,"ActionBlock(actions=[Right(), IfFood(yes_food=Left(), no_food=Left()), Right(), IfFood(yes_food=Right(), no_food=Right()), IfFood(yes_food=IfFood(yes_food=Left(), no_food=Left()), no_food=Right()), Right(), Left(), Right(), Move(), Move(), IfFood(yes_food=Move(), no_food=Move()), IfFood(yes_food=IfFood(yes_food=Left(), no_food=Left()), no_food=IfFood(yes_food=Left(), no_food=Left())), Left(), Left(), IfFood(yes_food=Move(), no_food=Move()), Move(), Left(), IfFood(yes_food=IfFood(yes_food=Right(), no_food=Left()), no_food=Right()), Move(), Move(), Move(), IfFood(yes_food=IfFood(yes_food=Right(), no_food=Move()), no_food=Move()), Right(), Move(), Move(), Right()])","{<class 'examples.santafe.IfFood'>: 0, <class 'examples.santafe.Left'>: 0, <class 'examples.santafe.ActionBlock'>: 1, <class 'examples.santafe.Right'>: 0, <class 'examples.santafe.Action'>: 0, <class 'examples.santafe.Move'>: 0, <class 'examples.santafe.ActionMain'>: 1}"
8.0,3,15,53,2.5867834091186523,3,"ActionBlock(actions=[Right(), IfFood(yes_food=Left(), no_food=Left()), Right(), IfFood(yes_food=Right(), no_food=Right()), IfFood(yes_food=IfFood(yes_food=Left(), no_food=Left()), no_food=Right()), Right(), Left(), Right(), Move(), Move(), IfFood(yes_food=Move(), no_food=Move()), IfFood(yes_food=IfFood(yes_food=Left(), no_food=Left()), no_food=IfFood(yes_food=Left(), no_food=Left())), Left(), Left(), IfFood(yes_food=Move(), no_food=Move()), Move(), Left(), IfFood(yes_food=IfFood(yes_food=Right(), no_food=Left()), no_food=Right()), Move(), Move(), Move(), IfFood(yes_food=IfFood(yes_food=Right(), no_food=Move()), no_food=Move()), Right(), Move(), Move(), Right()])","{<class 'examples.santafe.IfFood'>: 0, <class 'examples.santafe.Left'>: 0, <class 'examples.santafe.ActionBlock'>: 1, <class 'examples.santafe.Right'>: 0, <class 'examples.santafe.Action'>: 0, <class 'examples.santafe.Move'>: 0, <class 'examples.santafe.ActionMain'>: 1}"
8.0,3,15,54,2.6223106384277344,3,"ActionBlock(actions=[Right(), IfFood(yes_food=Left(), no_food=Left()), Right(), IfFood(yes_food=Right(), no_food=Right()), IfFood(yes_food=IfFood(yes_food=Left(), no_food=Left()), no_food=Right()), Right(), Left(), Right(), Move(), Move(), IfFood(yes_food=Move(), no_food=Move()), IfFood(yes_food=IfFood(yes_food=Left(), no_food=Left()), no_food=IfFood(yes_food=Left(), no_food=Left())), Left(), Left(), IfFood(yes_food=Move(), no_food=Move()), Move(), Left(), IfFood(yes_food=IfFood(yes_food=Right(), no_food=Left()), no_food=Right()), Move(), Move(), Move(), IfFood(yes_food=IfFood(yes_food=Right(), no_food=Move()), no_food=Move()), Right(), Move(), Move(), Right()])","{<class 'examples.santafe.IfFood'>: 0, <class 'examples.santafe.Left'>: 0, <class 'examples.santafe.ActionBlock'>: 1, <class 'examples.santafe.Right'>: 0, <class 'examples.santafe.Action'>: 0, <class 'examples.santafe.Move'>: 0, <class 'examples.santafe.ActionMain'>: 1}"
8.0,3,15,55,2.6674599647521973,3,"ActionBlock(actions=[Right(), IfFood(yes_food=Left(), no_food=Left()), Right(), IfFood(yes_food=Right(), no_food=Right()), IfFood(yes_food=IfFood(yes_food=Left(), no_food=Left()), no_food=Right()), Right(), Left(), Right(), Move(), Move(), IfFood(yes_food=Move(), no_food=Move()), IfFood(yes_food=IfFood(yes_food=Left(), no_food=Left()), no_food=IfFood(yes_food=Left(), no_food=Left())), Left(), Left(), IfFood(yes_food=Move(), no_food=Move()), Move(), Left(), IfFood(yes_food=IfFood(yes_food=Right(), no_food=Left()), no_food=Right()), Move(), Move(), Move(), IfFood(yes_food=IfFood(yes_food=Right(), no_food=Move()), no_food=Move()), Right(), Move(), Move(), Right()])","{<class 'examples.santafe.IfFood'>: 0, <class 'examples.santafe.Left'>: 0, <class 'examples.santafe.ActionBlock'>: 1, <class 'examples.santafe.Right'>: 0, <class 'examples.santafe.Action'>: 0, <class 'examples.santafe.Move'>: 0, <class 'examples.santafe.ActionMain'>: 1}"
8.0,3,15,56,2.725609302520752,3,"ActionBlock(actions=[Right(), IfFood(yes_food=Left(), no_food=Left()), Right(), IfFood(yes_food=Right(), no_food=Right()), IfFood(yes_food=IfFood(yes_food=Left(), no_food=Left()), no_food=Right()), Right(), Left(), Right(), Move(), Move(), IfFood(yes_food=Move(), no_food=Move()), IfFood(yes_food=IfFood(yes_food=Left(), no_food=Left()), no_food=IfFood(yes_food=Left(), no_food=Left())), Left(), Left(), IfFood(yes_food=Move(), no_food=Move()), Move(), Left(), IfFood(yes_food=IfFood(yes_food=Right(), no_food=Left()), no_food=Right()), Move(), Move(), Move(), IfFood(yes_food=IfFood(yes_food=Right(), no_food=Move()), no_food=Move()), Right(), Move(), Move(), Right()])","{<class 'examples.santafe.IfFood'>: 0, <class 'examples.santafe.Left'>: 0, <class 'examples.santafe.ActionBlock'>: 1, <class 'examples.santafe.Right'>: 0, <class 'examples.santafe.Action'>: 0, <class 'examples.santafe.Move'>: 0, <class 'examples.santafe.ActionMain'>: 1}"
8.0,3,15,57,2.7724132537841797,3,"ActionBlock(actions=[Right(), IfFood(yes_food=Left(), no_food=Left()), Right(), IfFood(yes_food=Right(), no_food=Right()), IfFood(yes_food=IfFood(yes_food=Left(), no_food=Left()), no_food=Right()), Right(), Left(), Right(), Move(), Move(), IfFood(yes_food=Move(), no_food=Move()), IfFood(yes_food=IfFood(yes_food=Left(), no_food=Left()), no_food=IfFood(yes_food=Left(), no_food=Left())), Left(), Left(), IfFood(yes_food=Move(), no_food=Move()), Move(), Left(), IfFood(yes_food=IfFood(yes_food=Right(), no_food=Left()), no_food=Right()), Move(), Move(), Move(), IfFood(yes_food=IfFood(yes_food=Right(), no_food=Move()), no_food=Move()), Right(), Move(), Move(), Right()])","{<class 'examples.santafe.IfFood'>: 0, <class 'examples.santafe.Left'>: 0, <class 'examples.santafe.ActionBlock'>: 1, <class 'examples.santafe.Right'>: 0, <class 'examples.santafe.Action'>: 0, <class 'examples.santafe.Move'>: 0, <class 'examples.santafe.ActionMain'>: 1}"
8.0,3,15,58,2.811192035675049,3,"ActionBlock(actions=[Right(), IfFood(yes_food=Left(), no_food=Left()), Right(), IfFood(yes_food=Right(), no_food=Right()), IfFood(yes_food=IfFood(yes_food=Left(), no_food=Left()), no_food=Right()), Right(), Left(), Right(), Move(), Move(), IfFood(yes_food=Move(), no_food=Move()), IfFood(yes_food=IfFood(yes_food=Left(), no_food=Left()), no_food=IfFood(yes_food=Left(), no_food=Left())), Left(), Left(), IfFood(yes_food=Move(), no_food=Move()), Move(), Left(), IfFood(yes_food=IfFood(yes_food=Right(), no_food=Left()), no_food=Right()), Move(), Move(), Move(), IfFood(yes_food=IfFood(yes_food=Right(), no_food=Move()), no_food=Move()), Right(), Move(), Move(), Right()])","{<class 'examples.santafe.IfFood'>: 0, <class 'examples.santafe.Left'>: 0, <class 'examples.santafe.ActionBlock'>: 1, <class 'examples.santafe.Right'>: 0, <class 'examples.santafe.Action'>: 0, <class 'examples.santafe.Move'>: 0, <class 'examples.santafe.ActionMain'>: 1}"
8.0,3,15,59,2.844572067260742,3,"ActionBlock(actions=[Right(), IfFood(yes_food=Left(), no_food=Left()), Right(), IfFood(yes_food=Right(), no_food=Right()), IfFood(yes_food=IfFood(yes_food=Left(), no_food=Left()), no_food=Right()), Right(), Left(), Right(), Move(), Move(), IfFood(yes_food=Move(), no_food=Move()), IfFood(yes_food=IfFood(yes_food=Left(), no_food=Left()), no_food=IfFood(yes_food=Left(), no_food=Left())), Left(), Left(), IfFood(yes_food=Move(), no_food=Move()), Move(), Left(), IfFood(yes_food=IfFood(yes_food=Right(), no_food=Left()), no_food=Right()), Move(), Move(), Move(), IfFood(yes_food=IfFood(yes_food=Right(), no_food=Move()), no_food=Move()), Right(), Move(), Move(), Right()])","{<class 'examples.santafe.IfFood'>: 0, <class 'examples.santafe.Left'>: 0, <class 'examples.santafe.ActionBlock'>: 1, <class 'examples.santafe.Right'>: 0, <class 'examples.santafe.Action'>: 0, <class 'examples.santafe.Move'>: 0, <class 'examples.santafe.ActionMain'>: 1}"
8.0,3,15,60,2.8833014965057373,3,"ActionBlock(actions=[Right(), IfFood(yes_food=Left(), no_food=Left()), Right(), IfFood(yes_food=Right(), no_food=Right()), IfFood(yes_food=IfFood(yes_food=Left(), no_food=Left()), no_food=Right()), Right(), Left(), Right(), Move(), Move(), IfFood(yes_food=Move(), no_food=Move()), IfFood(yes_food=IfFood(yes_food=Left(), no_food=Left()), no_food=IfFood(yes_food=Left(), no_food=Left())), Left(), Left(), IfFood(yes_food=Move(), no_food=Move()), Move(), Left(), IfFood(yes_food=IfFood(yes_food=Right(), no_food=Left()), no_food=Right()), Move(), Move(), Move(), IfFood(yes_food=IfFood(yes_food=Right(), no_food=Move()), no_food=Move()), Right(), Move(), Move(), Right()])","{<class 'examples.santafe.IfFood'>: 0, <class 'examples.santafe.Left'>: 0, <class 'examples.santafe.ActionBlock'>: 1, <class 'examples.santafe.Right'>: 0, <class 'examples.santafe.Action'>: 0, <class 'examples.santafe.Move'>: 0, <class 'examples.santafe.ActionMain'>: 1}"
8.0,3,15,61,2.9172568321228027,3,"ActionBlock(actions=[Right(), IfFood(yes_food=Left(), no_food=Left()), Right(), IfFood(yes_food=Right(), no_food=Right()), IfFood(yes_food=IfFood(yes_food=Left(), no_food=Left()), no_food=Right()), Right(), Left(), Right(), Move(), Move(), IfFood(yes_food=Move(), no_food=Move()), IfFood(yes_food=IfFood(yes_food=Left(), no_food=Left()), no_food=IfFood(yes_food=Left(), no_food=Left())), Left(), Left(), IfFood(yes_food=Move(), no_food=Move()), Move(), Left(), IfFood(yes_food=IfFood(yes_food=Right(), no_food=Left()), no_food=Right()), Move(), Move(), Move(), IfFood(yes_food=IfFood(yes_food=Right(), no_food=Move()), no_food=Move()), Right(), Move(), Move(), Right()])","{<class 'examples.santafe.IfFood'>: 0, <class 'examples.santafe.Left'>: 0, <class 'examples.santafe.ActionBlock'>: 1, <class 'examples.santafe.Right'>: 0, <class 'examples.santafe.Action'>: 0, <class 'examples.santafe.Move'>: 0, <class 'examples.santafe.ActionMain'>: 1}"
8.0,3,15,62,2.96225905418396,3,"ActionBlock(actions=[Right(), IfFood(yes_food=Left(), no_food=Left()), Right(), IfFood(yes_food=Right(), no_food=Right()), IfFood(yes_food=IfFood(yes_food=Left(), no_food=Left()), no_food=Right()), Right(), Left(), Right(), Move(), Move(), IfFood(yes_food=Move(), no_food=Move()), IfFood(yes_food=IfFood(yes_food=Left(), no_food=Left()), no_food=IfFood(yes_food=Left(), no_food=Left())), Left(), Left(), IfFood(yes_food=Move(), no_food=Move()), Move(), Left(), IfFood(yes_food=IfFood(yes_food=Right(), no_food=Left()), no_food=Right()), Move(), Move(), Move(), IfFood(yes_food=IfFood(yes_food=Right(), no_food=Move()), no_food=Move()), Right(), Move(), Move(), Right()])","{<class 'examples.santafe.IfFood'>: 0, <class 'examples.santafe.Left'>: 0, <class 'examples.santafe.ActionBlock'>: 1, <class 'examples.santafe.Right'>: 0, <class 'examples.santafe.Action'>: 0, <class 'examples.santafe.Move'>: 0, <class 'examples.santafe.ActionMain'>: 1}"
8.0,3,15,63,3.009817600250244,3,"ActionBlock(actions=[Right(), IfFood(yes_food=Left(), no_food=Left()), Right(), IfFood(yes_food=Right(), no_food=Right()), IfFood(yes_food=IfFood(yes_food=Left(), no_food=Left()), no_food=Right()), Right(), Left(), Right(), Move(), Move(), IfFood(yes_food=Move(), no_food=Move()), IfFood(yes_food=IfFood(yes_food=Left(), no_food=Left()), no_food=IfFood(yes_food=Left(), no_food=Left())), Left(), Left(), IfFood(yes_food=Move(), no_food=Move()), Move(), Left(), IfFood(yes_food=IfFood(yes_food=Right(), no_food=Left()), no_food=Right()), Move(), Move(), Move(), IfFood(yes_food=IfFood(yes_food=Right(), no_food=Move()), no_food=Move()), Right(), Move(), Move(), Right()])","{<class 'examples.santafe.IfFood'>: 0, <class 'examples.santafe.Left'>: 0, <class 'examples.santafe.ActionBlock'>: 1, <class 'examples.santafe.Right'>: 0, <class 'examples.santafe.Action'>: 0, <class 'examples.santafe.Move'>: 0, <class 'examples.santafe.ActionMain'>: 1}"
8.0,3,15,64,3.0481197834014893,3,"ActionBlock(actions=[Right(), IfFood(yes_food=Left(), no_food=Left()), Right(), IfFood(yes_food=Right(), no_food=Right()), IfFood(yes_food=IfFood(yes_food=Left(), no_food=Left()), no_food=Right()), Right(), Left(), Right(), Move(), Move(), IfFood(yes_food=Move(), no_food=Move()), IfFood(yes_food=IfFood(yes_food=Left(), no_food=Left()), no_food=IfFood(yes_food=Left(), no_food=Left())), Left(), Left(), IfFood(yes_food=Move(), no_food=Move()), Move(), Left(), IfFood(yes_food=IfFood(yes_food=Right(), no_food=Left()), no_food=Right()), Move(), Move(), Move(), IfFood(yes_food=IfFood(yes_food=Right(), no_food=Move()), no_food=Move()), Right(), Move(), Move(), Right()])","{<class 'examples.santafe.IfFood'>: 0, <class 'examples.santafe.Left'>: 0, <class 'examples.santafe.ActionBlock'>: 1, <class 'examples.santafe.Right'>: 0, <class 'examples.santafe.Action'>: 0, <class 'examples.santafe.Move'>: 0, <class 'examples.santafe.ActionMain'>: 1}"
8.0,3,15,65,3.1010870933532715,3,"ActionBlock(actions=[Right(), IfFood(yes_food=Left(), no_food=Left()), Right(), IfFood(yes_food=Right(), no_food=Right()), IfFood(yes_food=IfFood(yes_food=Left(), no_food=Left()), no_food=Right()), Right(), Left(), Right(), Move(), Move(), IfFood(yes_food=Move(), no_food=Move()), IfFood(yes_food=IfFood(yes_food=Left(), no_food=Left()), no_food=IfFood(yes_food=Left(), no_food=Left())), Left(), Left(), IfFood(yes_food=Move(), no_food=Move()), Move(), Left(), IfFood(yes_food=IfFood(yes_food=Right(), no_food=Left()), no_food=Right()), Move(), Move(), Move(), IfFood(yes_food=IfFood(yes_food=Right(), no_food=Move()), no_food=Move()), Right(), Move(), Move(), Right()])","{<class 'examples.santafe.IfFood'>: 0, <class 'examples.santafe.Left'>: 0, <class 'examples.santafe.ActionBlock'>: 1, <class 'examples.santafe.Right'>: 0, <class 'examples.santafe.Action'>: 0, <class 'examples.santafe.Move'>: 0, <class 'examples.santafe.ActionMain'>: 1}"
8.0,3,15,66,3.140300989151001,3,"ActionBlock(actions=[Right(), IfFood(yes_food=Left(), no_food=Left()), Right(), IfFood(yes_food=Right(), no_food=Right()), IfFood(yes_food=IfFood(yes_food=Left(), no_food=Left()), no_food=Right()), Right(), Left(), Right(), Move(), Move(), IfFood(yes_food=Move(), no_food=Move()), IfFood(yes_food=IfFood(yes_food=Left(), no_food=Left()), no_food=IfFood(yes_food=Left(), no_food=Left())), Left(), Left(), IfFood(yes_food=Move(), no_food=Move()), Move(), Left(), IfFood(yes_food=IfFood(yes_food=Right(), no_food=Left()), no_food=Right()), Move(), Move(), Move(), IfFood(yes_food=IfFood(yes_food=Right(), no_food=Move()), no_food=Move()), Right(), Move(), Move(), Right()])","{<class 'examples.santafe.IfFood'>: 0, <class 'examples.santafe.Left'>: 0, <class 'examples.santafe.ActionBlock'>: 1, <class 'examples.santafe.Right'>: 0, <class 'examples.santafe.Action'>: 0, <class 'examples.santafe.Move'>: 0, <class 'examples.santafe.ActionMain'>: 1}"
8.0,3,15,67,3.188715696334839,3,"ActionBlock(actions=[Right(), IfFood(yes_food=Left(), no_food=Left()), Right(), IfFood(yes_food=Right(), no_food=Right()), IfFood(yes_food=IfFood(yes_food=Left(), no_food=Left()), no_food=Right()), Right(), Left(), Right(), Move(), Move(), IfFood(yes_food=Move(), no_food=Move()), IfFood(yes_food=IfFood(yes_food=Left(), no_food=Left()), no_food=IfFood(yes_food=Left(), no_food=Left())), Left(), Left(), IfFood(yes_food=Move(), no_food=Move()), Move(), Left(), IfFood(yes_food=IfFood(yes_food=Right(), no_food=Left()), no_food=Right()), Move(), Move(), Move(), IfFood(yes_food=IfFood(yes_food=Right(), no_food=Move()), no_food=Move()), Right(), Move(), Move(), Right()])","{<class 'examples.santafe.IfFood'>: 0, <class 'examples.santafe.Left'>: 0, <class 'examples.santafe.ActionBlock'>: 1, <class 'examples.santafe.Right'>: 0, <class 'examples.santafe.Action'>: 0, <class 'examples.santafe.Move'>: 0, <class 'examples.santafe.ActionMain'>: 1}"
8.0,3,15,68,3.237804889678955,3,"ActionBlock(actions=[Right(), IfFood(yes_food=Left(), no_food=Left()), Right(), IfFood(yes_food=Right(), no_food=Right()), IfFood(yes_food=IfFood(yes_food=Left(), no_food=Left()), no_food=Right()), Right(), Left(), Right(), Move(), Move(), IfFood(yes_food=Move(), no_food=Move()), IfFood(yes_food=IfFood(yes_food=Left(), no_food=Left()), no_food=IfFood(yes_food=Left(), no_food=Left())), Left(), Left(), IfFood(yes_food=Move(), no_food=Move()), Move(), Left(), IfFood(yes_food=IfFood(yes_food=Right(), no_food=Left()), no_food=Right()), Move(), Move(), Move(), IfFood(yes_food=IfFood(yes_food=Right(), no_food=Move()), no_food=Move()), Right(), Move(), Move(), Right()])","{<class 'examples.santafe.IfFood'>: 0, <class 'examples.santafe.Left'>: 0, <class 'examples.santafe.ActionBlock'>: 1, <class 'examples.santafe.Right'>: 0, <class 'examples.santafe.Action'>: 0, <class 'examples.santafe.Move'>: 0, <class 'examples.santafe.ActionMain'>: 1}"
8.0,3,15,69,3.2792060375213623,3,"ActionBlock(actions=[Right(), IfFood(yes_food=Left(), no_food=Left()), Right(), IfFood(yes_food=Right(), no_food=Right()), IfFood(yes_food=IfFood(yes_food=Left(), no_food=Left()), no_food=Right()), Right(), Left(), Right(), Move(), Move(), IfFood(yes_food=Move(), no_food=Move()), IfFood(yes_food=IfFood(yes_food=Left(), no_food=Left()), no_food=IfFood(yes_food=Left(), no_food=Left())), Left(), Left(), IfFood(yes_food=Move(), no_food=Move()), Move(), Left(), IfFood(yes_food=IfFood(yes_food=Right(), no_food=Left()), no_food=Right()), Move(), Move(), Move(), IfFood(yes_food=IfFood(yes_food=Right(), no_food=Move()), no_food=Move()), Right(), Move(), Move(), Right()])","{<class 'examples.santafe.IfFood'>: 0, <class 'examples.santafe.Left'>: 0, <class 'examples.santafe.ActionBlock'>: 1, <class 'examples.santafe.Right'>: 0, <class 'examples.santafe.Action'>: 0, <class 'examples.santafe.Move'>: 0, <class 'examples.santafe.ActionMain'>: 1}"
8.0,3,15,70,3.3229312896728516,3,"ActionBlock(actions=[Right(), IfFood(yes_food=Left(), no_food=Left()), Right(), IfFood(yes_food=Right(), no_food=Right()), IfFood(yes_food=IfFood(yes_food=Left(), no_food=Left()), no_food=Right()), Right(), Left(), Right(), Move(), Move(), IfFood(yes_food=Move(), no_food=Move()), IfFood(yes_food=IfFood(yes_food=Left(), no_food=Left()), no_food=IfFood(yes_food=Left(), no_food=Left())), Left(), Left(), IfFood(yes_food=Move(), no_food=Move()), Move(), Left(), IfFood(yes_food=IfFood(yes_food=Right(), no_food=Left()), no_food=Right()), Move(), Move(), Move(), IfFood(yes_food=IfFood(yes_food=Right(), no_food=Move()), no_food=Move()), Right(), Move(), Move(), Right()])","{<class 'examples.santafe.IfFood'>: 0, <class 'examples.santafe.Left'>: 0, <class 'examples.santafe.ActionBlock'>: 1, <class 'examples.santafe.Right'>: 0, <class 'examples.santafe.Action'>: 0, <class 'examples.santafe.Move'>: 0, <class 'examples.santafe.ActionMain'>: 1}"
8.0,3,15,71,3.3586654663085938,3,"ActionBlock(actions=[Right(), IfFood(yes_food=Left(), no_food=Left()), Right(), IfFood(yes_food=Right(), no_food=Right()), IfFood(yes_food=IfFood(yes_food=Left(), no_food=Left()), no_food=Right()), Right(), Left(), Right(), Move(), Move(), IfFood(yes_food=Move(), no_food=Move()), IfFood(yes_food=IfFood(yes_food=Left(), no_food=Left()), no_food=IfFood(yes_food=Left(), no_food=Left())), Left(), Left(), IfFood(yes_food=Move(), no_food=Move()), Move(), Left(), IfFood(yes_food=IfFood(yes_food=Right(), no_food=Left()), no_food=Right()), Move(), Move(), Move(), IfFood(yes_food=IfFood(yes_food=Right(), no_food=Move()), no_food=Move()), Right(), Move(), Move(), Right()])","{<class 'examples.santafe.IfFood'>: 0, <class 'examples.santafe.Left'>: 0, <class 'examples.santafe.ActionBlock'>: 1, <class 'examples.santafe.Right'>: 0, <class 'examples.santafe.Action'>: 0, <class 'examples.santafe.Move'>: 0, <class 'examples.santafe.ActionMain'>: 1}"
8.0,3,15,72,3.400475263595581,3,"ActionBlock(actions=[Right(), IfFood(yes_food=Left(), no_food=Left()), Right(), IfFood(yes_food=Right(), no_food=Right()), IfFood(yes_food=IfFood(yes_food=Left(), no_food=Left()), no_food=Right()), Right(), Left(), Right(), Move(), Move(), IfFood(yes_food=Move(), no_food=Move()), IfFood(yes_food=IfFood(yes_food=Left(), no_food=Left()), no_food=IfFood(yes_food=Left(), no_food=Left())), Left(), Left(), IfFood(yes_food=Move(), no_food=Move()), Move(), Left(), IfFood(yes_food=IfFood(yes_food=Right(), no_food=Left()), no_food=Right()), Move(), Move(), Move(), IfFood(yes_food=IfFood(yes_food=Right(), no_food=Move()), no_food=Move()), Right(), Move(), Move(), Right()])","{<class 'examples.santafe.IfFood'>: 0, <class 'examples.santafe.Left'>: 0, <class 'examples.santafe.ActionBlock'>: 1, <class 'examples.santafe.Right'>: 0, <class 'examples.santafe.Action'>: 0, <class 'examples.santafe.Move'>: 0, <class 'examples.santafe.ActionMain'>: 1}"
8.0,3,15,73,3.4411439895629883,3,"ActionBlock(actions=[Right(), IfFood(yes_food=Left(), no_food=Left()), Right(), IfFood(yes_food=Right(), no_food=Right()), IfFood(yes_food=IfFood(yes_food=Left(), no_food=Left()), no_food=Right()), Right(), Left(), Right(), Move(), Move(), IfFood(yes_food=Move(), no_food=Move()), IfFood(yes_food=IfFood(yes_food=Left(), no_food=Left()), no_food=IfFood(yes_food=Left(), no_food=Left())), Left(), Left(), IfFood(yes_food=Move(), no_food=Move()), Move(), Left(), IfFood(yes_food=IfFood(yes_food=Right(), no_food=Left()), no_food=Right()), Move(), Move(), Move(), IfFood(yes_food=IfFood(yes_food=Right(), no_food=Move()), no_food=Move()), Right(), Move(), Move(), Right()])","{<class 'examples.santafe.IfFood'>: 0, <class 'examples.santafe.Left'>: 0, <class 'examples.santafe.ActionBlock'>: 1, <class 'examples.santafe.Right'>: 0, <class 'examples.santafe.Action'>: 0, <class 'examples.santafe.Move'>: 0, <class 'examples.santafe.ActionMain'>: 1}"
8.0,3,15,74,3.482009172439575,3,"ActionBlock(actions=[Right(), IfFood(yes_food=Left(), no_food=Left()), Right(), IfFood(yes_food=Right(), no_food=Right()), IfFood(yes_food=IfFood(yes_food=Left(), no_food=Left()), no_food=Right()), Right(), Left(), Right(), Move(), Move(), IfFood(yes_food=Move(), no_food=Move()), IfFood(yes_food=IfFood(yes_food=Left(), no_food=Left()), no_food=IfFood(yes_food=Left(), no_food=Left())), Left(), Left(), IfFood(yes_food=Move(), no_food=Move()), Move(), Left(), IfFood(yes_food=IfFood(yes_food=Right(), no_food=Left()), no_food=Right()), Move(), Move(), Move(), IfFood(yes_food=IfFood(yes_food=Right(), no_food=Move()), no_food=Move()), Right(), Move(), Move(), Right()])","{<class 'examples.santafe.IfFood'>: 0, <class 'examples.santafe.Left'>: 0, <class 'examples.santafe.ActionBlock'>: 1, <class 'examples.santafe.Right'>: 0, <class 'examples.santafe.Action'>: 0, <class 'examples.santafe.Move'>: 0, <class 'examples.santafe.ActionMain'>: 1}"
8.0,3,15,75,3.5240933895111084,3,"ActionBlock(actions=[Right(), IfFood(yes_food=Left(), no_food=Left()), Right(), IfFood(yes_food=Right(), no_food=Right()), IfFood(yes_food=IfFood(yes_food=Left(), no_food=Left()), no_food=Right()), Right(), Left(), Right(), Move(), Move(), IfFood(yes_food=Move(), no_food=Move()), IfFood(yes_food=IfFood(yes_food=Left(), no_food=Left()), no_food=IfFood(yes_food=Left(), no_food=Left())), Left(), Left(), IfFood(yes_food=Move(), no_food=Move()), Move(), Left(), IfFood(yes_food=IfFood(yes_food=Right(), no_food=Left()), no_food=Right()), Move(), Move(), Move(), IfFood(yes_food=IfFood(yes_food=Right(), no_food=Move()), no_food=Move()), Right(), Move(), Move(), Right()])","{<class 'examples.santafe.IfFood'>: 0, <class 'examples.santafe.Left'>: 0, <class 'examples.santafe.ActionBlock'>: 1, <class 'examples.santafe.Right'>: 0, <class 'examples.santafe.Action'>: 0, <class 'examples.santafe.Move'>: 0, <class 'examples.santafe.ActionMain'>: 1}"
8.0,3,15,76,3.564448595046997,3,"ActionBlock(actions=[Right(), IfFood(yes_food=Left(), no_food=Left()), Right(), IfFood(yes_food=Right(), no_food=Right()), IfFood(yes_food=IfFood(yes_food=Left(), no_food=Left()), no_food=Right()), Right(), Left(), Right(), Move(), Move(), IfFood(yes_food=Move(), no_food=Move()), IfFood(yes_food=IfFood(yes_food=Left(), no_food=Left()), no_food=IfFood(yes_food=Left(), no_food=Left())), Left(), Left(), IfFood(yes_food=Move(), no_food=Move()), Move(), Left(), IfFood(yes_food=IfFood(yes_food=Right(), no_food=Left()), no_food=Right()), Move(), Move(), Move(), IfFood(yes_food=IfFood(yes_food=Right(), no_food=Move()), no_food=Move()), Right(), Move(), Move(), Right()])","{<class 'examples.santafe.IfFood'>: 0, <class 'examples.santafe.Left'>: 0, <class 'examples.santafe.ActionBlock'>: 1, <class 'examples.santafe.Right'>: 0, <class 'examples.santafe.Action'>: 0, <class 'examples.santafe.Move'>: 0, <class 'examples.santafe.ActionMain'>: 1}"
8.0,3,15,77,3.6056299209594727,3,"ActionBlock(actions=[Right(), IfFood(yes_food=Left(), no_food=Left()), Right(), IfFood(yes_food=Right(), no_food=Right()), IfFood(yes_food=IfFood(yes_food=Left(), no_food=Left()), no_food=Right()), Right(), Left(), Right(), Move(), Move(), IfFood(yes_food=Move(), no_food=Move()), IfFood(yes_food=IfFood(yes_food=Left(), no_food=Left()), no_food=IfFood(yes_food=Left(), no_food=Left())), Left(), Left(), IfFood(yes_food=Move(), no_food=Move()), Move(), Left(), IfFood(yes_food=IfFood(yes_food=Right(), no_food=Left()), no_food=Right()), Move(), Move(), Move(), IfFood(yes_food=IfFood(yes_food=Right(), no_food=Move()), no_food=Move()), Right(), Move(), Move(), Right()])","{<class 'examples.santafe.IfFood'>: 0, <class 'examples.santafe.Left'>: 0, <class 'examples.santafe.ActionBlock'>: 1, <class 'examples.santafe.Right'>: 0, <class 'examples.santafe.Action'>: 0, <class 'examples.santafe.Move'>: 0, <class 'examples.santafe.ActionMain'>: 1}"
8.0,3,15,78,3.6485061645507812,3,"ActionBlock(actions=[Right(), IfFood(yes_food=Left(), no_food=Left()), Right(), IfFood(yes_food=Right(), no_food=Right()), IfFood(yes_food=IfFood(yes_food=Left(), no_food=Left()), no_food=Right()), Right(), Left(), Right(), Move(), Move(), IfFood(yes_food=Move(), no_food=Move()), IfFood(yes_food=IfFood(yes_food=Left(), no_food=Left()), no_food=IfFood(yes_food=Left(), no_food=Left())), Left(), Left(), IfFood(yes_food=Move(), no_food=Move()), Move(), Left(), IfFood(yes_food=IfFood(yes_food=Right(), no_food=Left()), no_food=Right()), Move(), Move(), Move(), IfFood(yes_food=IfFood(yes_food=Right(), no_food=Move()), no_food=Move()), Right(), Move(), Move(), Right()])","{<class 'examples.santafe.IfFood'>: 0, <class 'examples.santafe.Left'>: 0, <class 'examples.santafe.ActionBlock'>: 1, <class 'examples.santafe.Right'>: 0, <class 'examples.santafe.Action'>: 0, <class 'examples.santafe.Move'>: 0, <class 'examples.santafe.ActionMain'>: 1}"
8.0,3,15,79,3.6956799030303955,3,"ActionBlock(actions=[Right(), IfFood(yes_food=Left(), no_food=Left()), Right(), IfFood(yes_food=Right(), no_food=Right()), IfFood(yes_food=IfFood(yes_food=Left(), no_food=Left()), no_food=Right()), Right(), Left(), Right(), Move(), Move(), IfFood(yes_food=Move(), no_food=Move()), IfFood(yes_food=IfFood(yes_food=Left(), no_food=Left()), no_food=IfFood(yes_food=Left(), no_food=Left())), Left(), Left(), IfFood(yes_food=Move(), no_food=Move()), Move(), Left(), IfFood(yes_food=IfFood(yes_food=Right(), no_food=Left()), no_food=Right()), Move(), Move(), Move(), IfFood(yes_food=IfFood(yes_food=Right(), no_food=Move()), no_food=Move()), Right(), Move(), Move(), Right()])","{<class 'examples.santafe.IfFood'>: 0, <class 'examples.santafe.Left'>: 0, <class 'examples.santafe.ActionBlock'>: 1, <class 'examples.santafe.Right'>: 0, <class 'examples.santafe.Action'>: 0, <class 'examples.santafe.Move'>: 0, <class 'examples.santafe.ActionMain'>: 1}"
8.0,3,15,80,3.7907214164733887,3,"ActionBlock(actions=[Right(), IfFood(yes_food=Left(), no_food=Left()), Right(), IfFood(yes_food=Right(), no_food=Right()), IfFood(yes_food=IfFood(yes_food=Left(), no_food=Left()), no_food=Right()), Right(), Left(), Right(), Move(), Move(), IfFood(yes_food=Move(), no_food=Move()), IfFood(yes_food=IfFood(yes_food=Left(), no_food=Left()), no_food=IfFood(yes_food=Left(), no_food=Left())), Left(), Left(), IfFood(yes_food=Move(), no_food=Move()), Move(), Left(), IfFood(yes_food=IfFood(yes_food=Right(), no_food=Left()), no_food=Right()), Move(), Move(), Move(), IfFood(yes_food=IfFood(yes_food=Right(), no_food=Move()), no_food=Move()), Right(), Move(), Move(), Right()])","{<class 'examples.santafe.IfFood'>: 0, <class 'examples.santafe.Left'>: 0, <class 'examples.santafe.ActionBlock'>: 1, <class 'examples.santafe.Right'>: 0, <class 'examples.santafe.Action'>: 0, <class 'examples.santafe.Move'>: 0, <class 'examples.santafe.ActionMain'>: 1}"
8.0,3,15,81,3.8417327404022217,3,"ActionBlock(actions=[Right(), IfFood(yes_food=Left(), no_food=Left()), Right(), IfFood(yes_food=Right(), no_food=Right()), IfFood(yes_food=IfFood(yes_food=Left(), no_food=Left()), no_food=Right()), Right(), Left(), Right(), Move(), Move(), IfFood(yes_food=Move(), no_food=Move()), IfFood(yes_food=IfFood(yes_food=Left(), no_food=Left()), no_food=IfFood(yes_food=Left(), no_food=Left())), Left(), Left(), IfFood(yes_food=Move(), no_food=Move()), Move(), Left(), IfFood(yes_food=IfFood(yes_food=Right(), no_food=Left()), no_food=Right()), Move(), Move(), Move(), IfFood(yes_food=IfFood(yes_food=Right(), no_food=Move()), no_food=Move()), Right(), Move(), Move(), Right()])","{<class 'examples.santafe.IfFood'>: 0, <class 'examples.santafe.Left'>: 0, <class 'examples.santafe.ActionBlock'>: 1, <class 'examples.santafe.Right'>: 0, <class 'examples.santafe.Action'>: 0, <class 'examples.santafe.Move'>: 0, <class 'examples.santafe.ActionMain'>: 1}"
8.0,3,15,82,3.882779121398926,3,"ActionBlock(actions=[Right(), IfFood(yes_food=Left(), no_food=Left()), Right(), IfFood(yes_food=Right(), no_food=Right()), IfFood(yes_food=IfFood(yes_food=Left(), no_food=Left()), no_food=Right()), Right(), Left(), Right(), Move(), Move(), IfFood(yes_food=Move(), no_food=Move()), IfFood(yes_food=IfFood(yes_food=Left(), no_food=Left()), no_food=IfFood(yes_food=Left(), no_food=Left())), Left(), Left(), IfFood(yes_food=Move(), no_food=Move()), Move(), Left(), IfFood(yes_food=IfFood(yes_food=Right(), no_food=Left()), no_food=Right()), Move(), Move(), Move(), IfFood(yes_food=IfFood(yes_food=Right(), no_food=Move()), no_food=Move()), Right(), Move(), Move(), Right()])","{<class 'examples.santafe.IfFood'>: 0, <class 'examples.santafe.Left'>: 0, <class 'examples.santafe.ActionBlock'>: 1, <class 'examples.santafe.Right'>: 0, <class 'examples.santafe.Action'>: 0, <class 'examples.santafe.Move'>: 0, <class 'examples.santafe.ActionMain'>: 1}"
8.0,3,15,83,3.9167726039886475,3,"ActionBlock(actions=[Right(), IfFood(yes_food=Left(), no_food=Left()), Right(), IfFood(yes_food=Right(), no_food=Right()), IfFood(yes_food=IfFood(yes_food=Left(), no_food=Left()), no_food=Right()), Right(), Left(), Right(), Move(), Move(), IfFood(yes_food=Move(), no_food=Move()), IfFood(yes_food=IfFood(yes_food=Left(), no_food=Left()), no_food=IfFood(yes_food=Left(), no_food=Left())), Left(), Left(), IfFood(yes_food=Move(), no_food=Move()), Move(), Left(), IfFood(yes_food=IfFood(yes_food=Right(), no_food=Left()), no_food=Right()), Move(), Move(), Move(), IfFood(yes_food=IfFood(yes_food=Right(), no_food=Move()), no_food=Move()), Right(), Move(), Move(), Right()])","{<class 'examples.santafe.IfFood'>: 0, <class 'examples.santafe.Left'>: 0, <class 'examples.santafe.ActionBlock'>: 1, <class 'examples.santafe.Right'>: 0, <class 'examples.santafe.Action'>: 0, <class 'examples.santafe.Move'>: 0, <class 'examples.santafe.ActionMain'>: 1}"
8.0,3,15,84,3.9692249298095703,3,"ActionBlock(actions=[Right(), IfFood(yes_food=Left(), no_food=Left()), Right(), IfFood(yes_food=Right(), no_food=Right()), IfFood(yes_food=IfFood(yes_food=Left(), no_food=Left()), no_food=Right()), Right(), Left(), Right(), Move(), Move(), IfFood(yes_food=Move(), no_food=Move()), IfFood(yes_food=IfFood(yes_food=Left(), no_food=Left()), no_food=IfFood(yes_food=Left(), no_food=Left())), Left(), Left(), IfFood(yes_food=Move(), no_food=Move()), Move(), Left(), IfFood(yes_food=IfFood(yes_food=Right(), no_food=Left()), no_food=Right()), Move(), Move(), Move(), IfFood(yes_food=IfFood(yes_food=Right(), no_food=Move()), no_food=Move()), Right(), Move(), Move(), Right()])","{<class 'examples.santafe.IfFood'>: 0, <class 'examples.santafe.Left'>: 0, <class 'examples.santafe.ActionBlock'>: 1, <class 'examples.santafe.Right'>: 0, <class 'examples.santafe.Action'>: 0, <class 'examples.santafe.Move'>: 0, <class 'examples.santafe.ActionMain'>: 1}"
8.0,3,15,85,4.003410816192627,3,"ActionBlock(actions=[Right(), IfFood(yes_food=Left(), no_food=Left()), Right(), IfFood(yes_food=Right(), no_food=Right()), IfFood(yes_food=IfFood(yes_food=Left(), no_food=Left()), no_food=Right()), Right(), Left(), Right(), Move(), Move(), IfFood(yes_food=Move(), no_food=Move()), IfFood(yes_food=IfFood(yes_food=Left(), no_food=Left()), no_food=IfFood(yes_food=Left(), no_food=Left())), Left(), Left(), IfFood(yes_food=Move(), no_food=Move()), Move(), Left(), IfFood(yes_food=IfFood(yes_food=Right(), no_food=Left()), no_food=Right()), Move(), Move(), Move(), IfFood(yes_food=IfFood(yes_food=Right(), no_food=Move()), no_food=Move()), Right(), Move(), Move(), Right()])","{<class 'examples.santafe.IfFood'>: 0, <class 'examples.santafe.Left'>: 0, <class 'examples.santafe.ActionBlock'>: 1, <class 'examples.santafe.Right'>: 0, <class 'examples.santafe.Action'>: 0, <class 'examples.santafe.Move'>: 0, <class 'examples.santafe.ActionMain'>: 1}"
8.0,3,15,86,4.040619373321533,3,"ActionBlock(actions=[Right(), IfFood(yes_food=Left(), no_food=Left()), Right(), IfFood(yes_food=Right(), no_food=Right()), IfFood(yes_food=IfFood(yes_food=Left(), no_food=Left()), no_food=Right()), Right(), Left(), Right(), Move(), Move(), IfFood(yes_food=Move(), no_food=Move()), IfFood(yes_food=IfFood(yes_food=Left(), no_food=Left()), no_food=IfFood(yes_food=Left(), no_food=Left())), Left(), Left(), IfFood(yes_food=Move(), no_food=Move()), Move(), Left(), IfFood(yes_food=IfFood(yes_food=Right(), no_food=Left()), no_food=Right()), Move(), Move(), Move(), IfFood(yes_food=IfFood(yes_food=Right(), no_food=Move()), no_food=Move()), Right(), Move(), Move(), Right()])","{<class 'examples.santafe.IfFood'>: 0, <class 'examples.santafe.Left'>: 0, <class 'examples.santafe.ActionBlock'>: 1, <class 'examples.santafe.Right'>: 0, <class 'examples.santafe.Action'>: 0, <class 'examples.santafe.Move'>: 0, <class 'examples.santafe.ActionMain'>: 1}"
8.0,3,15,87,4.07357382774353,3,"ActionBlock(actions=[Right(), IfFood(yes_food=Left(), no_food=Left()), Right(), IfFood(yes_food=Right(), no_food=Right()), IfFood(yes_food=IfFood(yes_food=Left(), no_food=Left()), no_food=Right()), Right(), Left(), Right(), Move(), Move(), IfFood(yes_food=Move(), no_food=Move()), IfFood(yes_food=IfFood(yes_food=Left(), no_food=Left()), no_food=IfFood(yes_food=Left(), no_food=Left())), Left(), Left(), IfFood(yes_food=Move(), no_food=Move()), Move(), Left(), IfFood(yes_food=IfFood(yes_food=Right(), no_food=Left()), no_food=Right()), Move(), Move(), Move(), IfFood(yes_food=IfFood(yes_food=Right(), no_food=Move()), no_food=Move()), Right(), Move(), Move(), Right()])","{<class 'examples.santafe.IfFood'>: 0, <class 'examples.santafe.Left'>: 0, <class 'examples.santafe.ActionBlock'>: 1, <class 'examples.santafe.Right'>: 0, <class 'examples.santafe.Action'>: 0, <class 'examples.santafe.Move'>: 0, <class 'examples.santafe.ActionMain'>: 1}"
8.0,3,15,88,4.118802785873413,3,"ActionBlock(actions=[Right(), IfFood(yes_food=Left(), no_food=Left()), Right(), IfFood(yes_food=Right(), no_food=Right()), IfFood(yes_food=IfFood(yes_food=Left(), no_food=Left()), no_food=Right()), Right(), Left(), Right(), Move(), Move(), IfFood(yes_food=Move(), no_food=Move()), IfFood(yes_food=IfFood(yes_food=Left(), no_food=Left()), no_food=IfFood(yes_food=Left(), no_food=Left())), Left(), Left(), IfFood(yes_food=Move(), no_food=Move()), Move(), Left(), IfFood(yes_food=IfFood(yes_food=Right(), no_food=Left()), no_food=Right()), Move(), Move(), Move(), IfFood(yes_food=IfFood(yes_food=Right(), no_food=Move()), no_food=Move()), Right(), Move(), Move(), Right()])","{<class 'examples.santafe.IfFood'>: 0, <class 'examples.santafe.Left'>: 0, <class 'examples.santafe.ActionBlock'>: 1, <class 'examples.santafe.Right'>: 0, <class 'examples.santafe.Action'>: 0, <class 'examples.santafe.Move'>: 0, <class 'examples.santafe.ActionMain'>: 1}"
8.0,3,15,89,4.160739898681641,3,"ActionBlock(actions=[Right(), IfFood(yes_food=Left(), no_food=Left()), Right(), IfFood(yes_food=Right(), no_food=Right()), IfFood(yes_food=IfFood(yes_food=Left(), no_food=Left()), no_food=Right()), Right(), Left(), Right(), Move(), Move(), IfFood(yes_food=Move(), no_food=Move()), IfFood(yes_food=IfFood(yes_food=Left(), no_food=Left()), no_food=IfFood(yes_food=Left(), no_food=Left())), Left(), Left(), IfFood(yes_food=Move(), no_food=Move()), Move(), Left(), IfFood(yes_food=IfFood(yes_food=Right(), no_food=Left()), no_food=Right()), Move(), Move(), Move(), IfFood(yes_food=IfFood(yes_food=Right(), no_food=Move()), no_food=Move()), Right(), Move(), Move(), Right()])","{<class 'examples.santafe.IfFood'>: 0, <class 'examples.santafe.Left'>: 0, <class 'examples.santafe.ActionBlock'>: 1, <class 'examples.santafe.Right'>: 0, <class 'examples.santafe.Action'>: 0, <class 'examples.santafe.Move'>: 0, <class 'examples.santafe.ActionMain'>: 1}"
8.0,3,15,90,4.18476128578186,3,"ActionBlock(actions=[Right(), IfFood(yes_food=Left(), no_food=Left()), Right(), IfFood(yes_food=Right(), no_food=Right()), IfFood(yes_food=IfFood(yes_food=Left(), no_food=Left()), no_food=Right()), Right(), Left(), Right(), Move(), Move(), IfFood(yes_food=Move(), no_food=Move()), IfFood(yes_food=IfFood(yes_food=Left(), no_food=Left()), no_food=IfFood(yes_food=Left(), no_food=Left())), Left(), Left(), IfFood(yes_food=Move(), no_food=Move()), Move(), Left(), IfFood(yes_food=IfFood(yes_food=Right(), no_food=Left()), no_food=Right()), Move(), Move(), Move(), IfFood(yes_food=IfFood(yes_food=Right(), no_food=Move()), no_food=Move()), Right(), Move(), Move(), Right()])","{<class 'examples.santafe.IfFood'>: 0, <class 'examples.santafe.Left'>: 0, <class 'examples.santafe.ActionBlock'>: 1, <class 'examples.santafe.Right'>: 0, <class 'examples.santafe.Action'>: 0, <class 'examples.santafe.Move'>: 0, <class 'examples.santafe.ActionMain'>: 1}"
8.0,3,15,91,4.21271824836731,3,"ActionBlock(actions=[Right(), IfFood(yes_food=Left(), no_food=Left()), Right(), IfFood(yes_food=Right(), no_food=Right()), IfFood(yes_food=IfFood(yes_food=Left(), no_food=Left()), no_food=Right()), Right(), Left(), Right(), Move(), Move(), IfFood(yes_food=Move(), no_food=Move()), IfFood(yes_food=IfFood(yes_food=Left(), no_food=Left()), no_food=IfFood(yes_food=Left(), no_food=Left())), Left(), Left(), IfFood(yes_food=Move(), no_food=Move()), Move(), Left(), IfFood(yes_food=IfFood(yes_food=Right(), no_food=Left()), no_food=Right()), Move(), Move(), Move(), IfFood(yes_food=IfFood(yes_food=Right(), no_food=Move()), no_food=Move()), Right(), Move(), Move(), Right()])","{<class 'examples.santafe.IfFood'>: 0, <class 'examples.santafe.Left'>: 0, <class 'examples.santafe.ActionBlock'>: 1, <class 'examples.santafe.Right'>: 0, <class 'examples.santafe.Action'>: 0, <class 'examples.santafe.Move'>: 0, <class 'examples.santafe.ActionMain'>: 1}"
8.0,3,15,92,4.23997688293457,3,"ActionBlock(actions=[Right(), IfFood(yes_food=Left(), no_food=Left()), Right(), IfFood(yes_food=Right(), no_food=Right()), IfFood(yes_food=IfFood(yes_food=Left(), no_food=Left()), no_food=Right()), Right(), Left(), Right(), Move(), Move(), IfFood(yes_food=Move(), no_food=Move()), IfFood(yes_food=IfFood(yes_food=Left(), no_food=Left()), no_food=IfFood(yes_food=Left(), no_food=Left())), Left(), Left(), IfFood(yes_food=Move(), no_food=Move()), Move(), Left(), IfFood(yes_food=IfFood(yes_food=Right(), no_food=Left()), no_food=Right()), Move(), Move(), Move(), IfFood(yes_food=IfFood(yes_food=Right(), no_food=Move()), no_food=Move()), Right(), Move(), Move(), Right()])","{<class 'examples.santafe.IfFood'>: 0, <class 'examples.santafe.Left'>: 0, <class 'examples.santafe.ActionBlock'>: 1, <class 'examples.santafe.Right'>: 0, <class 'examples.santafe.Action'>: 0, <class 'examples.santafe.Move'>: 0, <class 'examples.santafe.ActionMain'>: 1}"
8.0,3,15,93,4.2619218826293945,3,"ActionBlock(actions=[Right(), IfFood(yes_food=Left(), no_food=Left()), Right(), IfFood(yes_food=Right(), no_food=Right()), IfFood(yes_food=IfFood(yes_food=Left(), no_food=Left()), no_food=Right()), Right(), Left(), Right(), Move(), Move(), IfFood(yes_food=Move(), no_food=Move()), IfFood(yes_food=IfFood(yes_food=Left(), no_food=Left()), no_food=IfFood(yes_food=Left(), no_food=Left())), Left(), Left(), IfFood(yes_food=Move(), no_food=Move()), Move(), Left(), IfFood(yes_food=IfFood(yes_food=Right(), no_food=Left()), no_food=Right()), Move(), Move(), Move(), IfFood(yes_food=IfFood(yes_food=Right(), no_food=Move()), no_food=Move()), Right(), Move(), Move(), Right()])","{<class 'examples.santafe.IfFood'>: 0, <class 'examples.santafe.Left'>: 0, <class 'examples.santafe.ActionBlock'>: 1, <class 'examples.santafe.Right'>: 0, <class 'examples.santafe.Action'>: 0, <class 'examples.santafe.Move'>: 0, <class 'examples.santafe.ActionMain'>: 1}"
8.0,3,15,94,4.297667980194092,3,"ActionBlock(actions=[Right(), IfFood(yes_food=Left(), no_food=Left()), Right(), IfFood(yes_food=Right(), no_food=Right()), IfFood(yes_food=IfFood(yes_food=Left(), no_food=Left()), no_food=Right()), Right(), Left(), Right(), Move(), Move(), IfFood(yes_food=Move(), no_food=Move()), IfFood(yes_food=IfFood(yes_food=Left(), no_food=Left()), no_food=IfFood(yes_food=Left(), no_food=Left())), Left(), Left(), IfFood(yes_food=Move(), no_food=Move()), Move(), Left(), IfFood(yes_food=IfFood(yes_food=Right(), no_food=Left()), no_food=Right()), Move(), Move(), Move(), IfFood(yes_food=IfFood(yes_food=Right(), no_food=Move()), no_food=Move()), Right(), Move(), Move(), Right()])","{<class 'examples.santafe.IfFood'>: 0, <class 'examples.santafe.Left'>: 0, <class 'examples.santafe.ActionBlock'>: 1, <class 'examples.santafe.Right'>: 0, <class 'examples.santafe.Action'>: 0, <class 'examples.santafe.Move'>: 0, <class 'examples.santafe.ActionMain'>: 1}"
8.0,3,15,95,4.325792074203491,3,"ActionBlock(actions=[Right(), IfFood(yes_food=Left(), no_food=Left()), Right(), IfFood(yes_food=Right(), no_food=Right()), IfFood(yes_food=IfFood(yes_food=Left(), no_food=Left()), no_food=Right()), Right(), Left(), Right(), Move(), Move(), IfFood(yes_food=Move(), no_food=Move()), IfFood(yes_food=IfFood(yes_food=Left(), no_food=Left()), no_food=IfFood(yes_food=Left(), no_food=Left())), Left(), Left(), IfFood(yes_food=Move(), no_food=Move()), Move(), Left(), IfFood(yes_food=IfFood(yes_food=Right(), no_food=Left()), no_food=Right()), Move(), Move(), Move(), IfFood(yes_food=IfFood(yes_food=Right(), no_food=Move()), no_food=Move()), Right(), Move(), Move(), Right()])","{<class 'examples.santafe.IfFood'>: 0, <class 'examples.santafe.Left'>: 0, <class 'examples.santafe.ActionBlock'>: 1, <class 'examples.santafe.Right'>: 0, <class 'examples.santafe.Action'>: 0, <class 'examples.santafe.Move'>: 0, <class 'examples.santafe.ActionMain'>: 1}"
8.0,3,15,96,4.3610007762908936,3,"ActionBlock(actions=[Right(), IfFood(yes_food=Left(), no_food=Left()), Right(), IfFood(yes_food=Right(), no_food=Right()), IfFood(yes_food=IfFood(yes_food=Left(), no_food=Left()), no_food=Right()), Right(), Left(), Right(), Move(), Move(), IfFood(yes_food=Move(), no_food=Move()), IfFood(yes_food=IfFood(yes_food=Left(), no_food=Left()), no_food=IfFood(yes_food=Left(), no_food=Left())), Left(), Left(), IfFood(yes_food=Move(), no_food=Move()), Move(), Left(), IfFood(yes_food=IfFood(yes_food=Right(), no_food=Left()), no_food=Right()), Move(), Move(), Move(), IfFood(yes_food=IfFood(yes_food=Right(), no_food=Move()), no_food=Move()), Right(), Move(), Move(), Right()])","{<class 'examples.santafe.IfFood'>: 0, <class 'examples.santafe.Left'>: 0, <class 'examples.santafe.ActionBlock'>: 1, <class 'examples.santafe.Right'>: 0, <class 'examples.santafe.Action'>: 0, <class 'examples.santafe.Move'>: 0, <class 'examples.santafe.ActionMain'>: 1}"
8.0,3,15,97,4.393751621246338,3,"ActionBlock(actions=[Right(), IfFood(yes_food=Left(), no_food=Left()), Right(), IfFood(yes_food=Right(), no_food=Right()), IfFood(yes_food=IfFood(yes_food=Left(), no_food=Left()), no_food=Right()), Right(), Left(), Right(), Move(), Move(), IfFood(yes_food=Move(), no_food=Move()), IfFood(yes_food=IfFood(yes_food=Left(), no_food=Left()), no_food=IfFood(yes_food=Left(), no_food=Left())), Left(), Left(), IfFood(yes_food=Move(), no_food=Move()), Move(), Left(), IfFood(yes_food=IfFood(yes_food=Right(), no_food=Left()), no_food=Right()), Move(), Move(), Move(), IfFood(yes_food=IfFood(yes_food=Right(), no_food=Move()), no_food=Move()), Right(), Move(), Move(), Right()])","{<class 'examples.santafe.IfFood'>: 0, <class 'examples.santafe.Left'>: 0, <class 'examples.santafe.ActionBlock'>: 1, <class 'examples.santafe.Right'>: 0, <class 'examples.santafe.Action'>: 0, <class 'examples.santafe.Move'>: 0, <class 'examples.santafe.ActionMain'>: 1}"
8.0,3,15,98,4.419425010681152,3,"ActionBlock(actions=[Right(), IfFood(yes_food=Left(), no_food=Left()), Right(), IfFood(yes_food=Right(), no_food=Right()), IfFood(yes_food=IfFood(yes_food=Left(), no_food=Left()), no_food=Right()), Right(), Left(), Right(), Move(), Move(), IfFood(yes_food=Move(), no_food=Move()), IfFood(yes_food=IfFood(yes_food=Left(), no_food=Left()), no_food=IfFood(yes_food=Left(), no_food=Left())), Left(), Left(), IfFood(yes_food=Move(), no_food=Move()), Move(), Left(), IfFood(yes_food=IfFood(yes_food=Right(), no_food=Left()), no_food=Right()), Move(), Move(), Move(), IfFood(yes_food=IfFood(yes_food=Right(), no_food=Move()), no_food=Move()), Right(), Move(), Move(), Right()])","{<class 'examples.santafe.IfFood'>: 0, <class 'examples.santafe.Left'>: 0, <class 'examples.santafe.ActionBlock'>: 1, <class 'examples.santafe.Right'>: 0, <class 'examples.santafe.Action'>: 0, <class 'examples.santafe.Move'>: 0, <class 'examples.santafe.ActionMain'>: 1}"
8.0,3,15,99,4.457175254821777,3,"ActionBlock(actions=[Right(), IfFood(yes_food=Left(), no_food=Left()), Right(), IfFood(yes_food=Right(), no_food=Right()), IfFood(yes_food=IfFood(yes_food=Left(), no_food=Left()), no_food=Right()), Right(), Left(), Right(), Move(), Move(), IfFood(yes_food=Move(), no_food=Move()), IfFood(yes_food=IfFood(yes_food=Left(), no_food=Left()), no_food=IfFood(yes_food=Left(), no_food=Left())), Left(), Left(), IfFood(yes_food=Move(), no_food=Move()), Move(), Left(), IfFood(yes_food=IfFood(yes_food=Right(), no_food=Left()), no_food=Right()), Move(), Move(), Move(), IfFood(yes_food=IfFood(yes_food=Right(), no_food=Move()), no_food=Move()), Right(), Move(), Move(), Right()])","{<class 'examples.santafe.IfFood'>: 0, <class 'examples.santafe.Left'>: 0, <class 'examples.santafe.ActionBlock'>: 1, <class 'examples.santafe.Right'>: 0, <class 'examples.santafe.Action'>: 0, <class 'examples.santafe.Move'>: 0, <class 'examples.santafe.ActionMain'>: 1}"
8.0,3,15,100,4.4855897426605225,3,"ActionBlock(actions=[Right(), IfFood(yes_food=Left(), no_food=Left()), Right(), IfFood(yes_food=Right(), no_food=Right()), IfFood(yes_food=IfFood(yes_food=Left(), no_food=Left()), no_food=Right()), Right(), Left(), Right(), Move(), Move(), IfFood(yes_food=Move(), no_food=Move()), IfFood(yes_food=IfFood(yes_food=Left(), no_food=Left()), no_food=IfFood(yes_food=Left(), no_food=Left())), Left(), Left(), IfFood(yes_food=Move(), no_food=Move()), Move(), Left(), IfFood(yes_food=IfFood(yes_food=Right(), no_food=Left()), no_food=Right()), Move(), Move(), Move(), IfFood(yes_food=IfFood(yes_food=Right(), no_food=Move()), no_food=Move()), Right(), Move(), Move(), Right()])","{<class 'examples.santafe.IfFood'>: 0, <class 'examples.santafe.Left'>: 0, <class 'examples.santafe.ActionBlock'>: 1, <class 'examples.santafe.Right'>: 0, <class 'examples.santafe.Action'>: 0, <class 'examples.santafe.Move'>: 0, <class 'examples.santafe.ActionMain'>: 1}"
