Fitness,Depth,Nodes,Generations,time_since_the_start_of_the_evolution,seed,genotype_as_str
117.0,8,13,1,0.6770124435424805,10300,"NT_0013_P_00000(__a=NT_0001_P_00002(__a=NT_0001_P_00004(__a=NT_0001_P_00002(__a=NT_0001_P_00004(__a=NT_0001_P_00004(__a=NT_0001_P_00004(__a=NT_0001_P_00000(__a=True, __b=True, __c=False), __b=NT_0001_P_00000(__a=False, __b=True, __c=False), __c=True), __b=NT_0001_P_00002(__a=NT_0001_P_00000(__a=False, __b=False, __c=False)), __c=True), __b=NT_0001_P_00000(__a=False, __b=True, __c=False), __c=True)), __b=NT_0001_P_00000(__a=False, __b=False, __c=False), __c=False)))"
117.0,8,13,2,1.291372537612915,10300,"NT_0013_P_00000(__a=NT_0001_P_00002(__a=NT_0001_P_00004(__a=NT_0001_P_00002(__a=NT_0001_P_00004(__a=NT_0001_P_00004(__a=NT_0001_P_00004(__a=NT_0001_P_00000(__a=True, __b=True, __c=False), __b=NT_0001_P_00000(__a=False, __b=True, __c=False), __c=True), __b=NT_0001_P_00002(__a=NT_0001_P_00000(__a=False, __b=False, __c=False)), __c=True), __b=NT_0001_P_00000(__a=False, __b=True, __c=False), __c=True)), __b=NT_0001_P_00000(__a=False, __b=False, __c=False), __c=False)))"
111.0,8,13,3,1.7912509441375732,10300,"NT_0013_P_00000(__a=NT_0001_P_00002(__a=NT_0001_P_00004(__a=NT_0001_P_00002(__a=NT_0001_P_00004(__a=NT_0001_P_00004(__a=NT_0001_P_00004(__a=NT_0001_P_00000(__a=False, __b=False, __c=False), __b=NT_0001_P_00000(__a=False, __b=True, __c=False), __c=True), __b=NT_0001_P_00002(__a=NT_0001_P_00000(__a=False, __b=True, __c=False)), __c=True), __b=NT_0001_P_00000(__a=False, __b=True, __c=False), __c=True)), __b=NT_0001_P_00000(__a=False, __b=False, __c=False), __c=False)))"
111.0,8,13,4,2.2173025608062744,10300,"NT_0013_P_00000(__a=NT_0001_P_00002(__a=NT_0001_P_00004(__a=NT_0001_P_00002(__a=NT_0001_P_00004(__a=NT_0001_P_00004(__a=NT_0001_P_00004(__a=NT_0001_P_00000(__a=False, __b=False, __c=False), __b=NT_0001_P_00000(__a=False, __b=True, __c=False), __c=True), __b=NT_0001_P_00002(__a=NT_0001_P_00000(__a=False, __b=True, __c=False)), __c=True), __b=NT_0001_P_00000(__a=False, __b=True, __c=False), __c=True)), __b=NT_0001_P_00000(__a=False, __b=False, __c=False), __c=False)))"
111.0,8,13,5,2.6102101802825928,10300,"NT_0013_P_00000(__a=NT_0001_P_00002(__a=NT_0001_P_00004(__a=NT_0001_P_00002(__a=NT_0001_P_00004(__a=NT_0001_P_00004(__a=NT_0001_P_00004(__a=NT_0001_P_00000(__a=False, __b=False, __c=False), __b=NT_0001_P_00000(__a=False, __b=True, __c=False), __c=True), __b=NT_0001_P_00002(__a=NT_0001_P_00000(__a=False, __b=True, __c=False)), __c=True), __b=NT_0001_P_00000(__a=False, __b=True, __c=False), __c=True)), __b=NT_0001_P_00000(__a=False, __b=False, __c=False), __c=False)))"
111.0,8,13,6,2.9958879947662354,10300,"NT_0013_P_00000(__a=NT_0001_P_00002(__a=NT_0001_P_00004(__a=NT_0001_P_00002(__a=NT_0001_P_00004(__a=NT_0001_P_00004(__a=NT_0001_P_00004(__a=NT_0001_P_00000(__a=False, __b=False, __c=False), __b=NT_0001_P_00000(__a=False, __b=True, __c=False), __c=True), __b=NT_0001_P_00002(__a=NT_0001_P_00000(__a=False, __b=True, __c=False)), __c=True), __b=NT_0001_P_00000(__a=False, __b=True, __c=False), __c=True)), __b=NT_0001_P_00000(__a=False, __b=False, __c=False), __c=False)))"
111.0,8,13,7,3.4091198444366455,10300,"NT_0013_P_00000(__a=NT_0001_P_00002(__a=NT_0001_P_00004(__a=NT_0001_P_00002(__a=NT_0001_P_00004(__a=NT_0001_P_00004(__a=NT_0001_P_00004(__a=NT_0001_P_00000(__a=False, __b=False, __c=False), __b=NT_0001_P_00000(__a=False, __b=True, __c=False), __c=True), __b=NT_0001_P_00002(__a=NT_0001_P_00000(__a=False, __b=True, __c=False)), __c=True), __b=NT_0001_P_00000(__a=False, __b=True, __c=False), __c=True)), __b=NT_0001_P_00000(__a=False, __b=False, __c=False), __c=False)))"
111.0,8,13,8,3.7713027000427246,10300,"NT_0013_P_00000(__a=NT_0001_P_00002(__a=NT_0001_P_00004(__a=NT_0001_P_00002(__a=NT_0001_P_00004(__a=NT_0001_P_00004(__a=NT_0001_P_00004(__a=NT_0001_P_00000(__a=False, __b=False, __c=False), __b=NT_0001_P_00000(__a=False, __b=True, __c=False), __c=True), __b=NT_0001_P_00002(__a=NT_0001_P_00000(__a=False, __b=True, __c=False)), __c=True), __b=NT_0001_P_00000(__a=False, __b=True, __c=False), __c=True)), __b=NT_0001_P_00000(__a=False, __b=False, __c=False), __c=False)))"
111.0,8,13,9,4.2244579792022705,10300,"NT_0013_P_00000(__a=NT_0001_P_00002(__a=NT_0001_P_00004(__a=NT_0001_P_00002(__a=NT_0001_P_00004(__a=NT_0001_P_00004(__a=NT_0001_P_00004(__a=NT_0001_P_00000(__a=False, __b=False, __c=False), __b=NT_0001_P_00000(__a=False, __b=True, __c=False), __c=True), __b=NT_0001_P_00002(__a=NT_0001_P_00000(__a=False, __b=True, __c=False)), __c=True), __b=NT_0001_P_00000(__a=False, __b=True, __c=False), __c=True)), __b=NT_0001_P_00000(__a=False, __b=False, __c=False), __c=False)))"
111.0,8,13,10,4.455246448516846,10300,"NT_0013_P_00000(__a=NT_0001_P_00002(__a=NT_0001_P_00004(__a=NT_0001_P_00002(__a=NT_0001_P_00004(__a=NT_0001_P_00004(__a=NT_0001_P_00004(__a=NT_0001_P_00000(__a=False, __b=False, __c=False), __b=NT_0001_P_00000(__a=False, __b=True, __c=False), __c=True), __b=NT_0001_P_00002(__a=NT_0001_P_00000(__a=False, __b=True, __c=False)), __c=True), __b=NT_0001_P_00000(__a=False, __b=True, __c=False), __c=True)), __b=NT_0001_P_00000(__a=False, __b=False, __c=False), __c=False)))"
111.0,8,13,11,4.871342897415161,10300,"NT_0013_P_00000(__a=NT_0001_P_00002(__a=NT_0001_P_00004(__a=NT_0001_P_00002(__a=NT_0001_P_00004(__a=NT_0001_P_00004(__a=NT_0001_P_00004(__a=NT_0001_P_00000(__a=False, __b=False, __c=False), __b=NT_0001_P_00000(__a=False, __b=True, __c=False), __c=True), __b=NT_0001_P_00002(__a=NT_0001_P_00000(__a=False, __b=True, __c=False)), __c=True), __b=NT_0001_P_00000(__a=False, __b=True, __c=False), __c=True)), __b=NT_0001_P_00000(__a=False, __b=False, __c=False), __c=False)))"
111.0,8,13,12,5.074208736419678,10300,"NT_0013_P_00000(__a=NT_0001_P_00002(__a=NT_0001_P_00004(__a=NT_0001_P_00002(__a=NT_0001_P_00004(__a=NT_0001_P_00004(__a=NT_0001_P_00004(__a=NT_0001_P_00000(__a=False, __b=False, __c=False), __b=NT_0001_P_00000(__a=False, __b=True, __c=False), __c=True), __b=NT_0001_P_00002(__a=NT_0001_P_00000(__a=False, __b=True, __c=False)), __c=True), __b=NT_0001_P_00000(__a=False, __b=True, __c=False), __c=True)), __b=NT_0001_P_00000(__a=False, __b=False, __c=False), __c=False)))"
111.0,8,13,13,5.273519039154053,10300,"NT_0013_P_00000(__a=NT_0001_P_00002(__a=NT_0001_P_00004(__a=NT_0001_P_00002(__a=NT_0001_P_00004(__a=NT_0001_P_00004(__a=NT_0001_P_00004(__a=NT_0001_P_00000(__a=False, __b=False, __c=False), __b=NT_0001_P_00000(__a=False, __b=True, __c=False), __c=True), __b=NT_0001_P_00002(__a=NT_0001_P_00000(__a=False, __b=True, __c=False)), __c=True), __b=NT_0001_P_00000(__a=False, __b=True, __c=False), __c=True)), __b=NT_0001_P_00000(__a=False, __b=False, __c=False), __c=False)))"
111.0,8,13,14,5.548311471939087,10300,"NT_0013_P_00000(__a=NT_0001_P_00002(__a=NT_0001_P_00004(__a=NT_0001_P_00002(__a=NT_0001_P_00004(__a=NT_0001_P_00004(__a=NT_0001_P_00004(__a=NT_0001_P_00000(__a=False, __b=False, __c=False), __b=NT_0001_P_00000(__a=False, __b=True, __c=False), __c=True), __b=NT_0001_P_00002(__a=NT_0001_P_00000(__a=False, __b=True, __c=False)), __c=True), __b=NT_0001_P_00000(__a=False, __b=True, __c=False), __c=True)), __b=NT_0001_P_00000(__a=False, __b=False, __c=False), __c=False)))"
111.0,8,13,15,5.681207656860352,10300,"NT_0013_P_00000(__a=NT_0001_P_00002(__a=NT_0001_P_00004(__a=NT_0001_P_00002(__a=NT_0001_P_00004(__a=NT_0001_P_00004(__a=NT_0001_P_00004(__a=NT_0001_P_00000(__a=False, __b=False, __c=False), __b=NT_0001_P_00000(__a=False, __b=True, __c=False), __c=True), __b=NT_0001_P_00002(__a=NT_0001_P_00000(__a=False, __b=True, __c=False)), __c=True), __b=NT_0001_P_00000(__a=False, __b=True, __c=False), __c=True)), __b=NT_0001_P_00000(__a=False, __b=False, __c=False), __c=False)))"
111.0,8,13,16,5.841243267059326,10300,"NT_0013_P_00000(__a=NT_0001_P_00002(__a=NT_0001_P_00004(__a=NT_0001_P_00002(__a=NT_0001_P_00004(__a=NT_0001_P_00004(__a=NT_0001_P_00004(__a=NT_0001_P_00000(__a=False, __b=False, __c=False), __b=NT_0001_P_00000(__a=False, __b=True, __c=False), __c=True), __b=NT_0001_P_00002(__a=NT_0001_P_00000(__a=False, __b=True, __c=False)), __c=True), __b=NT_0001_P_00000(__a=False, __b=True, __c=False), __c=True)), __b=NT_0001_P_00000(__a=False, __b=False, __c=False), __c=False)))"
111.0,8,13,17,5.981171369552612,10300,"NT_0013_P_00000(__a=NT_0001_P_00002(__a=NT_0001_P_00004(__a=NT_0001_P_00002(__a=NT_0001_P_00004(__a=NT_0001_P_00004(__a=NT_0001_P_00004(__a=NT_0001_P_00000(__a=False, __b=False, __c=False), __b=NT_0001_P_00000(__a=False, __b=True, __c=False), __c=True), __b=NT_0001_P_00002(__a=NT_0001_P_00000(__a=False, __b=True, __c=False)), __c=True), __b=NT_0001_P_00000(__a=False, __b=True, __c=False), __c=True)), __b=NT_0001_P_00000(__a=False, __b=False, __c=False), __c=False)))"
111.0,8,13,18,6.137916564941406,10300,"NT_0013_P_00000(__a=NT_0001_P_00002(__a=NT_0001_P_00004(__a=NT_0001_P_00002(__a=NT_0001_P_00004(__a=NT_0001_P_00004(__a=NT_0001_P_00004(__a=NT_0001_P_00000(__a=False, __b=False, __c=False), __b=NT_0001_P_00000(__a=False, __b=True, __c=False), __c=True), __b=NT_0001_P_00002(__a=NT_0001_P_00000(__a=False, __b=True, __c=False)), __c=True), __b=NT_0001_P_00000(__a=False, __b=True, __c=False), __c=True)), __b=NT_0001_P_00000(__a=False, __b=False, __c=False), __c=False)))"
111.0,8,13,19,6.296622276306152,10300,"NT_0013_P_00000(__a=NT_0001_P_00002(__a=NT_0001_P_00004(__a=NT_0001_P_00002(__a=NT_0001_P_00004(__a=NT_0001_P_00004(__a=NT_0001_P_00004(__a=NT_0001_P_00000(__a=False, __b=False, __c=False), __b=NT_0001_P_00000(__a=False, __b=True, __c=False), __c=True), __b=NT_0001_P_00002(__a=NT_0001_P_00000(__a=False, __b=True, __c=False)), __c=True), __b=NT_0001_P_00000(__a=False, __b=True, __c=False), __c=True)), __b=NT_0001_P_00000(__a=False, __b=False, __c=False), __c=False)))"
111.0,8,13,20,6.4220287799835205,10300,"NT_0013_P_00000(__a=NT_0001_P_00002(__a=NT_0001_P_00004(__a=NT_0001_P_00002(__a=NT_0001_P_00004(__a=NT_0001_P_00004(__a=NT_0001_P_00004(__a=NT_0001_P_00000(__a=False, __b=False, __c=False), __b=NT_0001_P_00000(__a=False, __b=True, __c=False), __c=True), __b=NT_0001_P_00002(__a=NT_0001_P_00000(__a=False, __b=True, __c=False)), __c=True), __b=NT_0001_P_00000(__a=False, __b=True, __c=False), __c=True)), __b=NT_0001_P_00000(__a=False, __b=False, __c=False), __c=False)))"
111.0,8,13,21,6.568905591964722,10300,"NT_0013_P_00000(__a=NT_0001_P_00002(__a=NT_0001_P_00004(__a=NT_0001_P_00002(__a=NT_0001_P_00004(__a=NT_0001_P_00004(__a=NT_0001_P_00004(__a=NT_0001_P_00000(__a=False, __b=False, __c=False), __b=NT_0001_P_00000(__a=False, __b=True, __c=False), __c=True), __b=NT_0001_P_00002(__a=NT_0001_P_00000(__a=False, __b=True, __c=False)), __c=True), __b=NT_0001_P_00000(__a=False, __b=True, __c=False), __c=True)), __b=NT_0001_P_00000(__a=False, __b=False, __c=False), __c=False)))"
111.0,8,13,22,6.720635652542114,10300,"NT_0013_P_00000(__a=NT_0001_P_00002(__a=NT_0001_P_00004(__a=NT_0001_P_00002(__a=NT_0001_P_00004(__a=NT_0001_P_00004(__a=NT_0001_P_00004(__a=NT_0001_P_00000(__a=False, __b=False, __c=False), __b=NT_0001_P_00000(__a=False, __b=True, __c=False), __c=True), __b=NT_0001_P_00002(__a=NT_0001_P_00000(__a=False, __b=True, __c=False)), __c=True), __b=NT_0001_P_00000(__a=False, __b=True, __c=False), __c=True)), __b=NT_0001_P_00000(__a=False, __b=False, __c=False), __c=False)))"
111.0,8,13,23,6.892784595489502,10300,"NT_0013_P_00000(__a=NT_0001_P_00002(__a=NT_0001_P_00004(__a=NT_0001_P_00002(__a=NT_0001_P_00004(__a=NT_0001_P_00004(__a=NT_0001_P_00004(__a=NT_0001_P_00000(__a=False, __b=False, __c=False), __b=NT_0001_P_00000(__a=False, __b=True, __c=False), __c=True), __b=NT_0001_P_00002(__a=NT_0001_P_00000(__a=False, __b=True, __c=False)), __c=True), __b=NT_0001_P_00000(__a=False, __b=True, __c=False), __c=True)), __b=NT_0001_P_00000(__a=False, __b=False, __c=False), __c=False)))"
111.0,8,13,24,7.060163497924805,10300,"NT_0013_P_00000(__a=NT_0001_P_00002(__a=NT_0001_P_00004(__a=NT_0001_P_00002(__a=NT_0001_P_00004(__a=NT_0001_P_00004(__a=NT_0001_P_00004(__a=NT_0001_P_00000(__a=False, __b=False, __c=False), __b=NT_0001_P_00000(__a=False, __b=True, __c=False), __c=True), __b=NT_0001_P_00002(__a=NT_0001_P_00000(__a=False, __b=True, __c=False)), __c=True), __b=NT_0001_P_00000(__a=False, __b=True, __c=False), __c=True)), __b=NT_0001_P_00000(__a=False, __b=False, __c=False), __c=False)))"
111.0,8,13,25,7.245474338531494,10300,"NT_0013_P_00000(__a=NT_0001_P_00002(__a=NT_0001_P_00004(__a=NT_0001_P_00002(__a=NT_0001_P_00004(__a=NT_0001_P_00004(__a=NT_0001_P_00004(__a=NT_0001_P_00000(__a=False, __b=False, __c=False), __b=NT_0001_P_00000(__a=False, __b=True, __c=False), __c=True), __b=NT_0001_P_00002(__a=NT_0001_P_00000(__a=False, __b=True, __c=False)), __c=True), __b=NT_0001_P_00000(__a=False, __b=True, __c=False), __c=True)), __b=NT_0001_P_00000(__a=False, __b=False, __c=False), __c=False)))"
111.0,8,13,26,7.385408163070679,10300,"NT_0013_P_00000(__a=NT_0001_P_00002(__a=NT_0001_P_00004(__a=NT_0001_P_00002(__a=NT_0001_P_00004(__a=NT_0001_P_00004(__a=NT_0001_P_00004(__a=NT_0001_P_00000(__a=False, __b=False, __c=False), __b=NT_0001_P_00000(__a=False, __b=True, __c=False), __c=True), __b=NT_0001_P_00002(__a=NT_0001_P_00000(__a=False, __b=True, __c=False)), __c=True), __b=NT_0001_P_00000(__a=False, __b=True, __c=False), __c=True)), __b=NT_0001_P_00000(__a=False, __b=False, __c=False), __c=False)))"
111.0,8,13,27,7.5042665004730225,10300,"NT_0013_P_00000(__a=NT_0001_P_00002(__a=NT_0001_P_00004(__a=NT_0001_P_00002(__a=NT_0001_P_00004(__a=NT_0001_P_00004(__a=NT_0001_P_00004(__a=NT_0001_P_00000(__a=False, __b=False, __c=False), __b=NT_0001_P_00000(__a=False, __b=True, __c=False), __c=True), __b=NT_0001_P_00002(__a=NT_0001_P_00000(__a=False, __b=True, __c=False)), __c=True), __b=NT_0001_P_00000(__a=False, __b=True, __c=False), __c=True)), __b=NT_0001_P_00000(__a=False, __b=False, __c=False), __c=False)))"
111.0,8,13,28,7.612034797668457,10300,"NT_0013_P_00000(__a=NT_0001_P_00002(__a=NT_0001_P_00004(__a=NT_0001_P_00002(__a=NT_0001_P_00004(__a=NT_0001_P_00004(__a=NT_0001_P_00004(__a=NT_0001_P_00000(__a=False, __b=False, __c=False), __b=NT_0001_P_00000(__a=False, __b=True, __c=False), __c=True), __b=NT_0001_P_00002(__a=NT_0001_P_00000(__a=False, __b=True, __c=False)), __c=True), __b=NT_0001_P_00000(__a=False, __b=True, __c=False), __c=True)), __b=NT_0001_P_00000(__a=False, __b=False, __c=False), __c=False)))"
111.0,8,13,29,7.829014778137207,10300,"NT_0013_P_00000(__a=NT_0001_P_00002(__a=NT_0001_P_00004(__a=NT_0001_P_00002(__a=NT_0001_P_00004(__a=NT_0001_P_00004(__a=NT_0001_P_00004(__a=NT_0001_P_00000(__a=False, __b=False, __c=False), __b=NT_0001_P_00000(__a=False, __b=True, __c=False), __c=True), __b=NT_0001_P_00002(__a=NT_0001_P_00000(__a=False, __b=True, __c=False)), __c=True), __b=NT_0001_P_00000(__a=False, __b=True, __c=False), __c=True)), __b=NT_0001_P_00000(__a=False, __b=False, __c=False), __c=False)))"
111.0,8,13,30,7.984963893890381,10300,"NT_0013_P_00000(__a=NT_0001_P_00002(__a=NT_0001_P_00004(__a=NT_0001_P_00002(__a=NT_0001_P_00004(__a=NT_0001_P_00004(__a=NT_0001_P_00004(__a=NT_0001_P_00000(__a=False, __b=False, __c=False), __b=NT_0001_P_00000(__a=False, __b=True, __c=False), __c=True), __b=NT_0001_P_00002(__a=NT_0001_P_00000(__a=False, __b=True, __c=False)), __c=True), __b=NT_0001_P_00000(__a=False, __b=True, __c=False), __c=True)), __b=NT_0001_P_00000(__a=False, __b=False, __c=False), __c=False)))"
111.0,8,13,31,8.277099609375,10300,"NT_0013_P_00000(__a=NT_0001_P_00002(__a=NT_0001_P_00004(__a=NT_0001_P_00002(__a=NT_0001_P_00004(__a=NT_0001_P_00004(__a=NT_0001_P_00004(__a=NT_0001_P_00000(__a=False, __b=False, __c=False), __b=NT_0001_P_00000(__a=False, __b=True, __c=False), __c=True), __b=NT_0001_P_00002(__a=NT_0001_P_00000(__a=False, __b=True, __c=False)), __c=True), __b=NT_0001_P_00000(__a=False, __b=True, __c=False), __c=True)), __b=NT_0001_P_00000(__a=False, __b=False, __c=False), __c=False)))"
111.0,8,13,32,8.434715270996094,10300,"NT_0013_P_00000(__a=NT_0001_P_00002(__a=NT_0001_P_00004(__a=NT_0001_P_00002(__a=NT_0001_P_00004(__a=NT_0001_P_00004(__a=NT_0001_P_00004(__a=NT_0001_P_00000(__a=False, __b=False, __c=False), __b=NT_0001_P_00000(__a=False, __b=True, __c=False), __c=True), __b=NT_0001_P_00002(__a=NT_0001_P_00000(__a=False, __b=True, __c=False)), __c=True), __b=NT_0001_P_00000(__a=False, __b=True, __c=False), __c=True)), __b=NT_0001_P_00000(__a=False, __b=False, __c=False), __c=False)))"
111.0,8,13,33,8.54625678062439,10300,"NT_0013_P_00000(__a=NT_0001_P_00002(__a=NT_0001_P_00004(__a=NT_0001_P_00002(__a=NT_0001_P_00004(__a=NT_0001_P_00004(__a=NT_0001_P_00004(__a=NT_0001_P_00000(__a=False, __b=False, __c=False), __b=NT_0001_P_00000(__a=False, __b=True, __c=False), __c=True), __b=NT_0001_P_00002(__a=NT_0001_P_00000(__a=False, __b=True, __c=False)), __c=True), __b=NT_0001_P_00000(__a=False, __b=True, __c=False), __c=True)), __b=NT_0001_P_00000(__a=False, __b=False, __c=False), __c=False)))"
111.0,8,13,34,8.646875619888306,10300,"NT_0013_P_00000(__a=NT_0001_P_00002(__a=NT_0001_P_00004(__a=NT_0001_P_00002(__a=NT_0001_P_00004(__a=NT_0001_P_00004(__a=NT_0001_P_00004(__a=NT_0001_P_00000(__a=False, __b=False, __c=False), __b=NT_0001_P_00000(__a=False, __b=True, __c=False), __c=True), __b=NT_0001_P_00002(__a=NT_0001_P_00000(__a=False, __b=True, __c=False)), __c=True), __b=NT_0001_P_00000(__a=False, __b=True, __c=False), __c=True)), __b=NT_0001_P_00000(__a=False, __b=False, __c=False), __c=False)))"
111.0,8,13,35,8.751019954681396,10300,"NT_0013_P_00000(__a=NT_0001_P_00002(__a=NT_0001_P_00004(__a=NT_0001_P_00002(__a=NT_0001_P_00004(__a=NT_0001_P_00004(__a=NT_0001_P_00004(__a=NT_0001_P_00000(__a=False, __b=False, __c=False), __b=NT_0001_P_00000(__a=False, __b=True, __c=False), __c=True), __b=NT_0001_P_00002(__a=NT_0001_P_00000(__a=False, __b=True, __c=False)), __c=True), __b=NT_0001_P_00000(__a=False, __b=True, __c=False), __c=True)), __b=NT_0001_P_00000(__a=False, __b=False, __c=False), __c=False)))"
111.0,8,13,36,8.8545823097229,10300,"NT_0013_P_00000(__a=NT_0001_P_00002(__a=NT_0001_P_00004(__a=NT_0001_P_00002(__a=NT_0001_P_00004(__a=NT_0001_P_00004(__a=NT_0001_P_00004(__a=NT_0001_P_00000(__a=False, __b=False, __c=False), __b=NT_0001_P_00000(__a=False, __b=True, __c=False), __c=True), __b=NT_0001_P_00002(__a=NT_0001_P_00000(__a=False, __b=True, __c=False)), __c=True), __b=NT_0001_P_00000(__a=False, __b=True, __c=False), __c=True)), __b=NT_0001_P_00000(__a=False, __b=False, __c=False), __c=False)))"
111.0,8,13,37,8.991575956344604,10300,"NT_0013_P_00000(__a=NT_0001_P_00002(__a=NT_0001_P_00004(__a=NT_0001_P_00002(__a=NT_0001_P_00004(__a=NT_0001_P_00004(__a=NT_0001_P_00004(__a=NT_0001_P_00000(__a=False, __b=False, __c=False), __b=NT_0001_P_00000(__a=False, __b=True, __c=False), __c=True), __b=NT_0001_P_00002(__a=NT_0001_P_00000(__a=False, __b=True, __c=False)), __c=True), __b=NT_0001_P_00000(__a=False, __b=True, __c=False), __c=True)), __b=NT_0001_P_00000(__a=False, __b=False, __c=False), __c=False)))"
111.0,8,13,38,9.09142017364502,10300,"NT_0013_P_00000(__a=NT_0001_P_00002(__a=NT_0001_P_00004(__a=NT_0001_P_00002(__a=NT_0001_P_00004(__a=NT_0001_P_00004(__a=NT_0001_P_00004(__a=NT_0001_P_00000(__a=False, __b=False, __c=False), __b=NT_0001_P_00000(__a=False, __b=True, __c=False), __c=True), __b=NT_0001_P_00002(__a=NT_0001_P_00000(__a=False, __b=True, __c=False)), __c=True), __b=NT_0001_P_00000(__a=False, __b=True, __c=False), __c=True)), __b=NT_0001_P_00000(__a=False, __b=False, __c=False), __c=False)))"
111.0,8,13,39,9.19257664680481,10300,"NT_0013_P_00000(__a=NT_0001_P_00002(__a=NT_0001_P_00004(__a=NT_0001_P_00002(__a=NT_0001_P_00004(__a=NT_0001_P_00004(__a=NT_0001_P_00004(__a=NT_0001_P_00000(__a=False, __b=False, __c=False), __b=NT_0001_P_00000(__a=False, __b=True, __c=False), __c=True), __b=NT_0001_P_00002(__a=NT_0001_P_00000(__a=False, __b=True, __c=False)), __c=True), __b=NT_0001_P_00000(__a=False, __b=True, __c=False), __c=True)), __b=NT_0001_P_00000(__a=False, __b=False, __c=False), __c=False)))"
111.0,8,13,40,9.400747060775757,10300,"NT_0013_P_00000(__a=NT_0001_P_00002(__a=NT_0001_P_00004(__a=NT_0001_P_00002(__a=NT_0001_P_00004(__a=NT_0001_P_00004(__a=NT_0001_P_00004(__a=NT_0001_P_00000(__a=False, __b=False, __c=False), __b=NT_0001_P_00000(__a=False, __b=True, __c=False), __c=True), __b=NT_0001_P_00002(__a=NT_0001_P_00000(__a=False, __b=True, __c=False)), __c=True), __b=NT_0001_P_00000(__a=False, __b=True, __c=False), __c=True)), __b=NT_0001_P_00000(__a=False, __b=False, __c=False), __c=False)))"
111.0,8,13,41,9.640701532363892,10300,"NT_0013_P_00000(__a=NT_0001_P_00002(__a=NT_0001_P_00004(__a=NT_0001_P_00002(__a=NT_0001_P_00004(__a=NT_0001_P_00004(__a=NT_0001_P_00004(__a=NT_0001_P_00000(__a=False, __b=False, __c=False), __b=NT_0001_P_00000(__a=False, __b=True, __c=False), __c=True), __b=NT_0001_P_00002(__a=NT_0001_P_00000(__a=False, __b=True, __c=False)), __c=True), __b=NT_0001_P_00000(__a=False, __b=True, __c=False), __c=True)), __b=NT_0001_P_00000(__a=False, __b=False, __c=False), __c=False)))"
111.0,8,13,42,9.746501207351685,10300,"NT_0013_P_00000(__a=NT_0001_P_00002(__a=NT_0001_P_00004(__a=NT_0001_P_00002(__a=NT_0001_P_00004(__a=NT_0001_P_00004(__a=NT_0001_P_00004(__a=NT_0001_P_00000(__a=False, __b=False, __c=False), __b=NT_0001_P_00000(__a=False, __b=True, __c=False), __c=True), __b=NT_0001_P_00002(__a=NT_0001_P_00000(__a=False, __b=True, __c=False)), __c=True), __b=NT_0001_P_00000(__a=False, __b=True, __c=False), __c=True)), __b=NT_0001_P_00000(__a=False, __b=False, __c=False), __c=False)))"
111.0,8,13,43,9.833992004394531,10300,"NT_0013_P_00000(__a=NT_0001_P_00002(__a=NT_0001_P_00004(__a=NT_0001_P_00002(__a=NT_0001_P_00004(__a=NT_0001_P_00004(__a=NT_0001_P_00004(__a=NT_0001_P_00000(__a=False, __b=False, __c=False), __b=NT_0001_P_00000(__a=False, __b=True, __c=False), __c=True), __b=NT_0001_P_00002(__a=NT_0001_P_00000(__a=False, __b=True, __c=False)), __c=True), __b=NT_0001_P_00000(__a=False, __b=True, __c=False), __c=True)), __b=NT_0001_P_00000(__a=False, __b=False, __c=False), __c=False)))"
111.0,8,13,44,9.964523077011108,10300,"NT_0013_P_00000(__a=NT_0001_P_00002(__a=NT_0001_P_00004(__a=NT_0001_P_00002(__a=NT_0001_P_00004(__a=NT_0001_P_00004(__a=NT_0001_P_00004(__a=NT_0001_P_00000(__a=False, __b=False, __c=False), __b=NT_0001_P_00000(__a=False, __b=True, __c=False), __c=True), __b=NT_0001_P_00002(__a=NT_0001_P_00000(__a=False, __b=True, __c=False)), __c=True), __b=NT_0001_P_00000(__a=False, __b=True, __c=False), __c=True)), __b=NT_0001_P_00000(__a=False, __b=False, __c=False), __c=False)))"
111.0,8,13,45,10.062259435653687,10300,"NT_0013_P_00000(__a=NT_0001_P_00002(__a=NT_0001_P_00004(__a=NT_0001_P_00002(__a=NT_0001_P_00004(__a=NT_0001_P_00004(__a=NT_0001_P_00004(__a=NT_0001_P_00000(__a=False, __b=False, __c=False), __b=NT_0001_P_00000(__a=False, __b=True, __c=False), __c=True), __b=NT_0001_P_00002(__a=NT_0001_P_00000(__a=False, __b=True, __c=False)), __c=True), __b=NT_0001_P_00000(__a=False, __b=True, __c=False), __c=True)), __b=NT_0001_P_00000(__a=False, __b=False, __c=False), __c=False)))"
111.0,8,13,46,10.197150230407715,10300,"NT_0013_P_00000(__a=NT_0001_P_00002(__a=NT_0001_P_00004(__a=NT_0001_P_00002(__a=NT_0001_P_00004(__a=NT_0001_P_00004(__a=NT_0001_P_00004(__a=NT_0001_P_00000(__a=False, __b=False, __c=False), __b=NT_0001_P_00000(__a=False, __b=True, __c=False), __c=True), __b=NT_0001_P_00002(__a=NT_0001_P_00000(__a=False, __b=True, __c=False)), __c=True), __b=NT_0001_P_00000(__a=False, __b=True, __c=False), __c=True)), __b=NT_0001_P_00000(__a=False, __b=False, __c=False), __c=False)))"
111.0,8,13,47,10.304476261138916,10300,"NT_0013_P_00000(__a=NT_0001_P_00002(__a=NT_0001_P_00004(__a=NT_0001_P_00002(__a=NT_0001_P_00004(__a=NT_0001_P_00004(__a=NT_0001_P_00004(__a=NT_0001_P_00000(__a=False, __b=False, __c=False), __b=NT_0001_P_00000(__a=False, __b=True, __c=False), __c=True), __b=NT_0001_P_00002(__a=NT_0001_P_00000(__a=False, __b=True, __c=False)), __c=True), __b=NT_0001_P_00000(__a=False, __b=True, __c=False), __c=True)), __b=NT_0001_P_00000(__a=False, __b=False, __c=False), __c=False)))"
111.0,8,13,48,10.425259828567505,10300,"NT_0013_P_00000(__a=NT_0001_P_00002(__a=NT_0001_P_00004(__a=NT_0001_P_00002(__a=NT_0001_P_00004(__a=NT_0001_P_00004(__a=NT_0001_P_00004(__a=NT_0001_P_00000(__a=False, __b=False, __c=False), __b=NT_0001_P_00000(__a=False, __b=True, __c=False), __c=True), __b=NT_0001_P_00002(__a=NT_0001_P_00000(__a=False, __b=True, __c=False)), __c=True), __b=NT_0001_P_00000(__a=False, __b=True, __c=False), __c=True)), __b=NT_0001_P_00000(__a=False, __b=False, __c=False), __c=False)))"
111.0,8,13,49,10.497706890106201,10300,"NT_0013_P_00000(__a=NT_0001_P_00002(__a=NT_0001_P_00004(__a=NT_0001_P_00002(__a=NT_0001_P_00004(__a=NT_0001_P_00004(__a=NT_0001_P_00004(__a=NT_0001_P_00000(__a=False, __b=False, __c=False), __b=NT_0001_P_00000(__a=False, __b=True, __c=False), __c=True), __b=NT_0001_P_00002(__a=NT_0001_P_00000(__a=False, __b=True, __c=False)), __c=True), __b=NT_0001_P_00000(__a=False, __b=True, __c=False), __c=True)), __b=NT_0001_P_00000(__a=False, __b=False, __c=False), __c=False)))"
111.0,8,13,50,10.588817834854126,10300,"NT_0013_P_00000(__a=NT_0001_P_00002(__a=NT_0001_P_00004(__a=NT_0001_P_00002(__a=NT_0001_P_00004(__a=NT_0001_P_00004(__a=NT_0001_P_00004(__a=NT_0001_P_00000(__a=False, __b=False, __c=False), __b=NT_0001_P_00000(__a=False, __b=True, __c=False), __c=True), __b=NT_0001_P_00002(__a=NT_0001_P_00000(__a=False, __b=True, __c=False)), __c=True), __b=NT_0001_P_00000(__a=False, __b=True, __c=False), __c=True)), __b=NT_0001_P_00000(__a=False, __b=False, __c=False), __c=False)))"
111.0,8,13,51,10.692034721374512,10300,"NT_0013_P_00000(__a=NT_0001_P_00002(__a=NT_0001_P_00004(__a=NT_0001_P_00002(__a=NT_0001_P_00004(__a=NT_0001_P_00004(__a=NT_0001_P_00004(__a=NT_0001_P_00000(__a=False, __b=False, __c=False), __b=NT_0001_P_00000(__a=False, __b=True, __c=False), __c=True), __b=NT_0001_P_00002(__a=NT_0001_P_00000(__a=False, __b=True, __c=False)), __c=True), __b=NT_0001_P_00000(__a=False, __b=True, __c=False), __c=True)), __b=NT_0001_P_00000(__a=False, __b=False, __c=False), __c=False)))"
111.0,8,13,52,10.870550870895386,10300,"NT_0013_P_00000(__a=NT_0001_P_00002(__a=NT_0001_P_00004(__a=NT_0001_P_00002(__a=NT_0001_P_00004(__a=NT_0001_P_00004(__a=NT_0001_P_00004(__a=NT_0001_P_00000(__a=False, __b=False, __c=False), __b=NT_0001_P_00000(__a=False, __b=True, __c=False), __c=True), __b=NT_0001_P_00002(__a=NT_0001_P_00000(__a=False, __b=True, __c=False)), __c=True), __b=NT_0001_P_00000(__a=False, __b=True, __c=False), __c=True)), __b=NT_0001_P_00000(__a=False, __b=False, __c=False), __c=False)))"
111.0,8,13,53,10.961516857147217,10300,"NT_0013_P_00000(__a=NT_0001_P_00002(__a=NT_0001_P_00004(__a=NT_0001_P_00002(__a=NT_0001_P_00004(__a=NT_0001_P_00004(__a=NT_0001_P_00004(__a=NT_0001_P_00000(__a=False, __b=False, __c=False), __b=NT_0001_P_00000(__a=False, __b=True, __c=False), __c=True), __b=NT_0001_P_00002(__a=NT_0001_P_00000(__a=False, __b=True, __c=False)), __c=True), __b=NT_0001_P_00000(__a=False, __b=True, __c=False), __c=True)), __b=NT_0001_P_00000(__a=False, __b=False, __c=False), __c=False)))"
111.0,8,13,54,11.051550149917603,10300,"NT_0013_P_00000(__a=NT_0001_P_00002(__a=NT_0001_P_00004(__a=NT_0001_P_00002(__a=NT_0001_P_00004(__a=NT_0001_P_00004(__a=NT_0001_P_00004(__a=NT_0001_P_00000(__a=False, __b=False, __c=False), __b=NT_0001_P_00000(__a=False, __b=True, __c=False), __c=True), __b=NT_0001_P_00002(__a=NT_0001_P_00000(__a=False, __b=True, __c=False)), __c=True), __b=NT_0001_P_00000(__a=False, __b=True, __c=False), __c=True)), __b=NT_0001_P_00000(__a=False, __b=False, __c=False), __c=False)))"
111.0,8,13,55,11.147702693939209,10300,"NT_0013_P_00000(__a=NT_0001_P_00002(__a=NT_0001_P_00004(__a=NT_0001_P_00002(__a=NT_0001_P_00004(__a=NT_0001_P_00004(__a=NT_0001_P_00004(__a=NT_0001_P_00000(__a=False, __b=False, __c=False), __b=NT_0001_P_00000(__a=False, __b=True, __c=False), __c=True), __b=NT_0001_P_00002(__a=NT_0001_P_00000(__a=False, __b=True, __c=False)), __c=True), __b=NT_0001_P_00000(__a=False, __b=True, __c=False), __c=True)), __b=NT_0001_P_00000(__a=False, __b=False, __c=False), __c=False)))"
111.0,8,13,56,11.313859462738037,10300,"NT_0013_P_00000(__a=NT_0001_P_00002(__a=NT_0001_P_00004(__a=NT_0001_P_00002(__a=NT_0001_P_00004(__a=NT_0001_P_00004(__a=NT_0001_P_00004(__a=NT_0001_P_00000(__a=False, __b=False, __c=False), __b=NT_0001_P_00000(__a=False, __b=True, __c=False), __c=True), __b=NT_0001_P_00002(__a=NT_0001_P_00000(__a=False, __b=True, __c=False)), __c=True), __b=NT_0001_P_00000(__a=False, __b=True, __c=False), __c=True)), __b=NT_0001_P_00000(__a=False, __b=False, __c=False), __c=False)))"
111.0,8,13,57,11.46471619606018,10300,"NT_0013_P_00000(__a=NT_0001_P_00002(__a=NT_0001_P_00004(__a=NT_0001_P_00002(__a=NT_0001_P_00004(__a=NT_0001_P_00004(__a=NT_0001_P_00004(__a=NT_0001_P_00000(__a=False, __b=False, __c=False), __b=NT_0001_P_00000(__a=False, __b=True, __c=False), __c=True), __b=NT_0001_P_00002(__a=NT_0001_P_00000(__a=False, __b=True, __c=False)), __c=True), __b=NT_0001_P_00000(__a=False, __b=True, __c=False), __c=True)), __b=NT_0001_P_00000(__a=False, __b=False, __c=False), __c=False)))"
111.0,8,13,58,11.546756744384766,10300,"NT_0013_P_00000(__a=NT_0001_P_00002(__a=NT_0001_P_00004(__a=NT_0001_P_00002(__a=NT_0001_P_00004(__a=NT_0001_P_00004(__a=NT_0001_P_00004(__a=NT_0001_P_00000(__a=False, __b=False, __c=False), __b=NT_0001_P_00000(__a=False, __b=True, __c=False), __c=True), __b=NT_0001_P_00002(__a=NT_0001_P_00000(__a=False, __b=True, __c=False)), __c=True), __b=NT_0001_P_00000(__a=False, __b=True, __c=False), __c=True)), __b=NT_0001_P_00000(__a=False, __b=False, __c=False), __c=False)))"
111.0,8,13,59,11.61810851097107,10300,"NT_0013_P_00000(__a=NT_0001_P_00002(__a=NT_0001_P_00004(__a=NT_0001_P_00002(__a=NT_0001_P_00004(__a=NT_0001_P_00004(__a=NT_0001_P_00004(__a=NT_0001_P_00000(__a=False, __b=False, __c=False), __b=NT_0001_P_00000(__a=False, __b=True, __c=False), __c=True), __b=NT_0001_P_00002(__a=NT_0001_P_00000(__a=False, __b=True, __c=False)), __c=True), __b=NT_0001_P_00000(__a=False, __b=True, __c=False), __c=True)), __b=NT_0001_P_00000(__a=False, __b=False, __c=False), __c=False)))"
111.0,8,13,60,11.853697538375854,10300,"NT_0013_P_00000(__a=NT_0001_P_00002(__a=NT_0001_P_00004(__a=NT_0001_P_00002(__a=NT_0001_P_00004(__a=NT_0001_P_00004(__a=NT_0001_P_00004(__a=NT_0001_P_00000(__a=False, __b=False, __c=False), __b=NT_0001_P_00000(__a=False, __b=True, __c=False), __c=True), __b=NT_0001_P_00002(__a=NT_0001_P_00000(__a=False, __b=True, __c=False)), __c=True), __b=NT_0001_P_00000(__a=False, __b=True, __c=False), __c=True)), __b=NT_0001_P_00000(__a=False, __b=False, __c=False), __c=False)))"
111.0,8,13,61,11.946157455444336,10300,"NT_0013_P_00000(__a=NT_0001_P_00002(__a=NT_0001_P_00004(__a=NT_0001_P_00002(__a=NT_0001_P_00004(__a=NT_0001_P_00004(__a=NT_0001_P_00004(__a=NT_0001_P_00000(__a=False, __b=False, __c=False), __b=NT_0001_P_00000(__a=False, __b=True, __c=False), __c=True), __b=NT_0001_P_00002(__a=NT_0001_P_00000(__a=False, __b=True, __c=False)), __c=True), __b=NT_0001_P_00000(__a=False, __b=True, __c=False), __c=True)), __b=NT_0001_P_00000(__a=False, __b=False, __c=False), __c=False)))"
111.0,8,13,62,12.04298710823059,10300,"NT_0013_P_00000(__a=NT_0001_P_00002(__a=NT_0001_P_00004(__a=NT_0001_P_00002(__a=NT_0001_P_00004(__a=NT_0001_P_00004(__a=NT_0001_P_00004(__a=NT_0001_P_00000(__a=False, __b=False, __c=False), __b=NT_0001_P_00000(__a=False, __b=True, __c=False), __c=True), __b=NT_0001_P_00002(__a=NT_0001_P_00000(__a=False, __b=True, __c=False)), __c=True), __b=NT_0001_P_00000(__a=False, __b=True, __c=False), __c=True)), __b=NT_0001_P_00000(__a=False, __b=False, __c=False), __c=False)))"
111.0,8,13,63,12.119067668914795,10300,"NT_0013_P_00000(__a=NT_0001_P_00002(__a=NT_0001_P_00004(__a=NT_0001_P_00002(__a=NT_0001_P_00004(__a=NT_0001_P_00004(__a=NT_0001_P_00004(__a=NT_0001_P_00000(__a=False, __b=False, __c=False), __b=NT_0001_P_00000(__a=False, __b=True, __c=False), __c=True), __b=NT_0001_P_00002(__a=NT_0001_P_00000(__a=False, __b=True, __c=False)), __c=True), __b=NT_0001_P_00000(__a=False, __b=True, __c=False), __c=True)), __b=NT_0001_P_00000(__a=False, __b=False, __c=False), __c=False)))"
111.0,8,13,64,12.17535662651062,10300,"NT_0013_P_00000(__a=NT_0001_P_00002(__a=NT_0001_P_00004(__a=NT_0001_P_00002(__a=NT_0001_P_00004(__a=NT_0001_P_00004(__a=NT_0001_P_00004(__a=NT_0001_P_00000(__a=False, __b=False, __c=False), __b=NT_0001_P_00000(__a=False, __b=True, __c=False), __c=True), __b=NT_0001_P_00002(__a=NT_0001_P_00000(__a=False, __b=True, __c=False)), __c=True), __b=NT_0001_P_00000(__a=False, __b=True, __c=False), __c=True)), __b=NT_0001_P_00000(__a=False, __b=False, __c=False), __c=False)))"
111.0,8,13,65,12.22398853302002,10300,"NT_0013_P_00000(__a=NT_0001_P_00002(__a=NT_0001_P_00004(__a=NT_0001_P_00002(__a=NT_0001_P_00004(__a=NT_0001_P_00004(__a=NT_0001_P_00004(__a=NT_0001_P_00000(__a=False, __b=False, __c=False), __b=NT_0001_P_00000(__a=False, __b=True, __c=False), __c=True), __b=NT_0001_P_00002(__a=NT_0001_P_00000(__a=False, __b=True, __c=False)), __c=True), __b=NT_0001_P_00000(__a=False, __b=True, __c=False), __c=True)), __b=NT_0001_P_00000(__a=False, __b=False, __c=False), __c=False)))"
108.0,9,13,66,12.323062419891357,10300,"NT_0013_P_00000(__a=NT_0001_P_00002(__a=NT_0001_P_00004(__a=NT_0001_P_00002(__a=NT_0001_P_00004(__a=NT_0001_P_00004(__a=NT_0001_P_00004(__a=NT_0001_P_00002(__a=NT_0001_P_00000(__a=False, __b=False, __c=False)), __b=NT_0001_P_00000(__a=False, __b=True, __c=False), __c=True), __b=NT_0001_P_00000(__a=False, __b=True, __c=False), __c=True), __b=NT_0001_P_00000(__a=False, __b=True, __c=False), __c=True)), __b=NT_0001_P_00000(__a=False, __b=False, __c=False), __c=False)))"
108.0,9,13,67,12.377549886703491,10300,"NT_0013_P_00000(__a=NT_0001_P_00002(__a=NT_0001_P_00004(__a=NT_0001_P_00002(__a=NT_0001_P_00004(__a=NT_0001_P_00004(__a=NT_0001_P_00004(__a=NT_0001_P_00002(__a=NT_0001_P_00000(__a=False, __b=False, __c=False)), __b=NT_0001_P_00000(__a=False, __b=True, __c=False), __c=True), __b=NT_0001_P_00000(__a=False, __b=True, __c=False), __c=True), __b=NT_0001_P_00000(__a=False, __b=True, __c=False), __c=True)), __b=NT_0001_P_00000(__a=False, __b=False, __c=False), __c=False)))"
108.0,9,13,68,12.465224981307983,10300,"NT_0013_P_00000(__a=NT_0001_P_00002(__a=NT_0001_P_00004(__a=NT_0001_P_00002(__a=NT_0001_P_00004(__a=NT_0001_P_00004(__a=NT_0001_P_00004(__a=NT_0001_P_00002(__a=NT_0001_P_00000(__a=False, __b=False, __c=False)), __b=NT_0001_P_00000(__a=False, __b=True, __c=False), __c=True), __b=NT_0001_P_00000(__a=False, __b=True, __c=False), __c=True), __b=NT_0001_P_00000(__a=False, __b=True, __c=False), __c=True)), __b=NT_0001_P_00000(__a=False, __b=False, __c=False), __c=False)))"
108.0,9,13,69,12.526770830154419,10300,"NT_0013_P_00000(__a=NT_0001_P_00002(__a=NT_0001_P_00004(__a=NT_0001_P_00002(__a=NT_0001_P_00004(__a=NT_0001_P_00004(__a=NT_0001_P_00004(__a=NT_0001_P_00002(__a=NT_0001_P_00000(__a=False, __b=False, __c=False)), __b=NT_0001_P_00000(__a=False, __b=True, __c=False), __c=True), __b=NT_0001_P_00000(__a=False, __b=True, __c=False), __c=True), __b=NT_0001_P_00000(__a=False, __b=True, __c=False), __c=True)), __b=NT_0001_P_00000(__a=False, __b=False, __c=False), __c=False)))"
108.0,9,13,70,12.601607322692871,10300,"NT_0013_P_00000(__a=NT_0001_P_00002(__a=NT_0001_P_00004(__a=NT_0001_P_00002(__a=NT_0001_P_00004(__a=NT_0001_P_00004(__a=NT_0001_P_00004(__a=NT_0001_P_00002(__a=NT_0001_P_00000(__a=False, __b=False, __c=False)), __b=NT_0001_P_00000(__a=False, __b=True, __c=False), __c=True), __b=NT_0001_P_00000(__a=False, __b=True, __c=False), __c=True), __b=NT_0001_P_00000(__a=False, __b=True, __c=False), __c=True)), __b=NT_0001_P_00000(__a=False, __b=False, __c=False), __c=False)))"
108.0,9,13,71,12.689817428588867,10300,"NT_0013_P_00000(__a=NT_0001_P_00002(__a=NT_0001_P_00004(__a=NT_0001_P_00002(__a=NT_0001_P_00004(__a=NT_0001_P_00004(__a=NT_0001_P_00004(__a=NT_0001_P_00002(__a=NT_0001_P_00000(__a=False, __b=False, __c=False)), __b=NT_0001_P_00000(__a=False, __b=True, __c=False), __c=True), __b=NT_0001_P_00000(__a=False, __b=True, __c=False), __c=True), __b=NT_0001_P_00000(__a=False, __b=True, __c=False), __c=True)), __b=NT_0001_P_00000(__a=False, __b=False, __c=False), __c=False)))"
108.0,9,13,72,12.818103790283203,10300,"NT_0013_P_00000(__a=NT_0001_P_00002(__a=NT_0001_P_00004(__a=NT_0001_P_00002(__a=NT_0001_P_00004(__a=NT_0001_P_00004(__a=NT_0001_P_00004(__a=NT_0001_P_00002(__a=NT_0001_P_00000(__a=False, __b=False, __c=False)), __b=NT_0001_P_00000(__a=False, __b=True, __c=False), __c=True), __b=NT_0001_P_00000(__a=False, __b=True, __c=False), __c=True), __b=NT_0001_P_00000(__a=False, __b=True, __c=False), __c=True)), __b=NT_0001_P_00000(__a=False, __b=False, __c=False), __c=False)))"
108.0,9,13,73,12.908962965011597,10300,"NT_0013_P_00000(__a=NT_0001_P_00002(__a=NT_0001_P_00004(__a=NT_0001_P_00002(__a=NT_0001_P_00004(__a=NT_0001_P_00004(__a=NT_0001_P_00004(__a=NT_0001_P_00002(__a=NT_0001_P_00000(__a=False, __b=False, __c=False)), __b=NT_0001_P_00000(__a=False, __b=True, __c=False), __c=True), __b=NT_0001_P_00000(__a=False, __b=True, __c=False), __c=True), __b=NT_0001_P_00000(__a=False, __b=True, __c=False), __c=True)), __b=NT_0001_P_00000(__a=False, __b=False, __c=False), __c=False)))"
108.0,9,13,74,13.01738977432251,10300,"NT_0013_P_00000(__a=NT_0001_P_00002(__a=NT_0001_P_00004(__a=NT_0001_P_00002(__a=NT_0001_P_00004(__a=NT_0001_P_00004(__a=NT_0001_P_00004(__a=NT_0001_P_00002(__a=NT_0001_P_00000(__a=False, __b=False, __c=False)), __b=NT_0001_P_00000(__a=False, __b=True, __c=False), __c=True), __b=NT_0001_P_00000(__a=False, __b=True, __c=False), __c=True), __b=NT_0001_P_00000(__a=False, __b=True, __c=False), __c=True)), __b=NT_0001_P_00000(__a=False, __b=False, __c=False), __c=False)))"
108.0,9,13,75,13.140140771865845,10300,"NT_0013_P_00000(__a=NT_0001_P_00002(__a=NT_0001_P_00004(__a=NT_0001_P_00002(__a=NT_0001_P_00004(__a=NT_0001_P_00004(__a=NT_0001_P_00004(__a=NT_0001_P_00002(__a=NT_0001_P_00000(__a=False, __b=False, __c=False)), __b=NT_0001_P_00000(__a=False, __b=True, __c=False), __c=True), __b=NT_0001_P_00000(__a=False, __b=True, __c=False), __c=True), __b=NT_0001_P_00000(__a=False, __b=True, __c=False), __c=True)), __b=NT_0001_P_00000(__a=False, __b=False, __c=False), __c=False)))"
108.0,9,13,76,13.259909629821777,10300,"NT_0013_P_00000(__a=NT_0001_P_00002(__a=NT_0001_P_00004(__a=NT_0001_P_00002(__a=NT_0001_P_00004(__a=NT_0001_P_00004(__a=NT_0001_P_00004(__a=NT_0001_P_00002(__a=NT_0001_P_00000(__a=False, __b=False, __c=False)), __b=NT_0001_P_00000(__a=False, __b=True, __c=False), __c=True), __b=NT_0001_P_00000(__a=False, __b=True, __c=False), __c=True), __b=NT_0001_P_00000(__a=False, __b=True, __c=False), __c=True)), __b=NT_0001_P_00000(__a=False, __b=False, __c=False), __c=False)))"
108.0,9,13,77,13.37126111984253,10300,"NT_0013_P_00000(__a=NT_0001_P_00002(__a=NT_0001_P_00004(__a=NT_0001_P_00002(__a=NT_0001_P_00004(__a=NT_0001_P_00004(__a=NT_0001_P_00004(__a=NT_0001_P_00002(__a=NT_0001_P_00000(__a=False, __b=False, __c=False)), __b=NT_0001_P_00000(__a=False, __b=True, __c=False), __c=True), __b=NT_0001_P_00000(__a=False, __b=True, __c=False), __c=True), __b=NT_0001_P_00000(__a=False, __b=True, __c=False), __c=True)), __b=NT_0001_P_00000(__a=False, __b=False, __c=False), __c=False)))"
108.0,9,13,78,13.467378616333008,10300,"NT_0013_P_00000(__a=NT_0001_P_00002(__a=NT_0001_P_00004(__a=NT_0001_P_00002(__a=NT_0001_P_00004(__a=NT_0001_P_00004(__a=NT_0001_P_00004(__a=NT_0001_P_00002(__a=NT_0001_P_00000(__a=False, __b=False, __c=False)), __b=NT_0001_P_00000(__a=False, __b=True, __c=False), __c=True), __b=NT_0001_P_00000(__a=False, __b=True, __c=False), __c=True), __b=NT_0001_P_00000(__a=False, __b=True, __c=False), __c=True)), __b=NT_0001_P_00000(__a=False, __b=False, __c=False), __c=False)))"
108.0,9,13,79,13.569738149642944,10300,"NT_0013_P_00000(__a=NT_0001_P_00002(__a=NT_0001_P_00004(__a=NT_0001_P_00002(__a=NT_0001_P_00004(__a=NT_0001_P_00004(__a=NT_0001_P_00004(__a=NT_0001_P_00002(__a=NT_0001_P_00000(__a=False, __b=False, __c=False)), __b=NT_0001_P_00000(__a=False, __b=True, __c=False), __c=True), __b=NT_0001_P_00000(__a=False, __b=True, __c=False), __c=True), __b=NT_0001_P_00000(__a=False, __b=True, __c=False), __c=True)), __b=NT_0001_P_00000(__a=False, __b=False, __c=False), __c=False)))"
108.0,9,13,80,13.657161474227905,10300,"NT_0013_P_00000(__a=NT_0001_P_00002(__a=NT_0001_P_00004(__a=NT_0001_P_00002(__a=NT_0001_P_00004(__a=NT_0001_P_00004(__a=NT_0001_P_00004(__a=NT_0001_P_00002(__a=NT_0001_P_00000(__a=False, __b=False, __c=False)), __b=NT_0001_P_00000(__a=False, __b=True, __c=False), __c=True), __b=NT_0001_P_00000(__a=False, __b=True, __c=False), __c=True), __b=NT_0001_P_00000(__a=False, __b=True, __c=False), __c=True)), __b=NT_0001_P_00000(__a=False, __b=False, __c=False), __c=False)))"
108.0,9,13,81,13.736661434173584,10300,"NT_0013_P_00000(__a=NT_0001_P_00002(__a=NT_0001_P_00004(__a=NT_0001_P_00002(__a=NT_0001_P_00004(__a=NT_0001_P_00004(__a=NT_0001_P_00004(__a=NT_0001_P_00002(__a=NT_0001_P_00000(__a=False, __b=False, __c=False)), __b=NT_0001_P_00000(__a=False, __b=True, __c=False), __c=True), __b=NT_0001_P_00000(__a=False, __b=True, __c=False), __c=True), __b=NT_0001_P_00000(__a=False, __b=True, __c=False), __c=True)), __b=NT_0001_P_00000(__a=False, __b=False, __c=False), __c=False)))"
108.0,9,13,82,13.791420459747314,10300,"NT_0013_P_00000(__a=NT_0001_P_00002(__a=NT_0001_P_00004(__a=NT_0001_P_00002(__a=NT_0001_P_00004(__a=NT_0001_P_00004(__a=NT_0001_P_00004(__a=NT_0001_P_00002(__a=NT_0001_P_00000(__a=False, __b=False, __c=False)), __b=NT_0001_P_00000(__a=False, __b=True, __c=False), __c=True), __b=NT_0001_P_00000(__a=False, __b=True, __c=False), __c=True), __b=NT_0001_P_00000(__a=False, __b=True, __c=False), __c=True)), __b=NT_0001_P_00000(__a=False, __b=False, __c=False), __c=False)))"
101.0,9,13,83,13.855597972869873,10300,"NT_0013_P_00000(__a=NT_0001_P_00004(__a=NT_0001_P_00002(__a=NT_0001_P_00004(__a=NT_0001_P_00004(__a=NT_0001_P_00004(__a=NT_0001_P_00002(__a=NT_0001_P_00002(__a=NT_0001_P_00000(__a=False, __b=False, __c=False))), __b=NT_0001_P_00000(__a=False, __b=True, __c=False), __c=True), __b=NT_0001_P_00000(__a=False, __b=True, __c=False), __c=True), __b=NT_0001_P_00000(__a=False, __b=True, __c=False), __c=True)), __b=NT_0001_P_00000(__a=False, __b=False, __c=False), __c=False))"
101.0,9,13,84,13.964662551879883,10300,"NT_0013_P_00000(__a=NT_0001_P_00004(__a=NT_0001_P_00002(__a=NT_0001_P_00004(__a=NT_0001_P_00004(__a=NT_0001_P_00004(__a=NT_0001_P_00002(__a=NT_0001_P_00002(__a=NT_0001_P_00000(__a=False, __b=False, __c=False))), __b=NT_0001_P_00000(__a=False, __b=True, __c=False), __c=True), __b=NT_0001_P_00000(__a=False, __b=True, __c=False), __c=True), __b=NT_0001_P_00000(__a=False, __b=True, __c=False), __c=True)), __b=NT_0001_P_00000(__a=False, __b=False, __c=False), __c=False))"
101.0,9,13,85,14.074951171875,10300,"NT_0013_P_00000(__a=NT_0001_P_00004(__a=NT_0001_P_00002(__a=NT_0001_P_00004(__a=NT_0001_P_00004(__a=NT_0001_P_00004(__a=NT_0001_P_00002(__a=NT_0001_P_00002(__a=NT_0001_P_00000(__a=False, __b=False, __c=False))), __b=NT_0001_P_00000(__a=False, __b=True, __c=False), __c=True), __b=NT_0001_P_00000(__a=False, __b=True, __c=False), __c=True), __b=NT_0001_P_00000(__a=False, __b=True, __c=False), __c=True)), __b=NT_0001_P_00000(__a=False, __b=False, __c=False), __c=False))"
101.0,9,13,86,14.150655508041382,10300,"NT_0013_P_00000(__a=NT_0001_P_00004(__a=NT_0001_P_00002(__a=NT_0001_P_00004(__a=NT_0001_P_00004(__a=NT_0001_P_00004(__a=NT_0001_P_00002(__a=NT_0001_P_00002(__a=NT_0001_P_00000(__a=False, __b=False, __c=False))), __b=NT_0001_P_00000(__a=False, __b=True, __c=False), __c=True), __b=NT_0001_P_00000(__a=False, __b=True, __c=False), __c=True), __b=NT_0001_P_00000(__a=False, __b=True, __c=False), __c=True)), __b=NT_0001_P_00000(__a=False, __b=False, __c=False), __c=False))"
101.0,9,13,87,14.241351127624512,10300,"NT_0013_P_00000(__a=NT_0001_P_00004(__a=NT_0001_P_00002(__a=NT_0001_P_00004(__a=NT_0001_P_00004(__a=NT_0001_P_00004(__a=NT_0001_P_00002(__a=NT_0001_P_00002(__a=NT_0001_P_00000(__a=False, __b=False, __c=False))), __b=NT_0001_P_00000(__a=False, __b=True, __c=False), __c=True), __b=NT_0001_P_00000(__a=False, __b=True, __c=False), __c=True), __b=NT_0001_P_00000(__a=False, __b=True, __c=False), __c=True)), __b=NT_0001_P_00000(__a=False, __b=False, __c=False), __c=False))"
101.0,9,13,88,14.332836627960205,10300,"NT_0013_P_00000(__a=NT_0001_P_00004(__a=NT_0001_P_00002(__a=NT_0001_P_00004(__a=NT_0001_P_00004(__a=NT_0001_P_00004(__a=NT_0001_P_00002(__a=NT_0001_P_00002(__a=NT_0001_P_00000(__a=False, __b=False, __c=False))), __b=NT_0001_P_00000(__a=False, __b=True, __c=False), __c=True), __b=NT_0001_P_00000(__a=False, __b=True, __c=False), __c=True), __b=NT_0001_P_00000(__a=False, __b=True, __c=False), __c=True)), __b=NT_0001_P_00000(__a=False, __b=False, __c=False), __c=False))"
101.0,9,13,89,14.403319120407104,10300,"NT_0013_P_00000(__a=NT_0001_P_00004(__a=NT_0001_P_00002(__a=NT_0001_P_00004(__a=NT_0001_P_00004(__a=NT_0001_P_00004(__a=NT_0001_P_00002(__a=NT_0001_P_00002(__a=NT_0001_P_00000(__a=False, __b=False, __c=False))), __b=NT_0001_P_00000(__a=False, __b=True, __c=False), __c=True), __b=NT_0001_P_00000(__a=False, __b=True, __c=False), __c=True), __b=NT_0001_P_00000(__a=False, __b=True, __c=False), __c=True)), __b=NT_0001_P_00000(__a=False, __b=False, __c=False), __c=False))"
101.0,9,13,90,14.477746963500977,10300,"NT_0013_P_00000(__a=NT_0001_P_00004(__a=NT_0001_P_00002(__a=NT_0001_P_00004(__a=NT_0001_P_00004(__a=NT_0001_P_00004(__a=NT_0001_P_00002(__a=NT_0001_P_00002(__a=NT_0001_P_00000(__a=False, __b=False, __c=False))), __b=NT_0001_P_00000(__a=False, __b=True, __c=False), __c=True), __b=NT_0001_P_00000(__a=False, __b=True, __c=False), __c=True), __b=NT_0001_P_00000(__a=False, __b=True, __c=False), __c=True)), __b=NT_0001_P_00000(__a=False, __b=False, __c=False), __c=False))"
101.0,9,13,91,14.559647798538208,10300,"NT_0013_P_00000(__a=NT_0001_P_00004(__a=NT_0001_P_00002(__a=NT_0001_P_00004(__a=NT_0001_P_00004(__a=NT_0001_P_00004(__a=NT_0001_P_00002(__a=NT_0001_P_00002(__a=NT_0001_P_00000(__a=False, __b=False, __c=False))), __b=NT_0001_P_00000(__a=False, __b=True, __c=False), __c=True), __b=NT_0001_P_00000(__a=False, __b=True, __c=False), __c=True), __b=NT_0001_P_00000(__a=False, __b=True, __c=False), __c=True)), __b=NT_0001_P_00000(__a=False, __b=False, __c=False), __c=False))"
101.0,9,13,92,14.668943643569946,10300,"NT_0013_P_00000(__a=NT_0001_P_00004(__a=NT_0001_P_00002(__a=NT_0001_P_00004(__a=NT_0001_P_00004(__a=NT_0001_P_00004(__a=NT_0001_P_00002(__a=NT_0001_P_00002(__a=NT_0001_P_00000(__a=False, __b=False, __c=False))), __b=NT_0001_P_00000(__a=False, __b=True, __c=False), __c=True), __b=NT_0001_P_00000(__a=False, __b=True, __c=False), __c=True), __b=NT_0001_P_00000(__a=False, __b=True, __c=False), __c=True)), __b=NT_0001_P_00000(__a=False, __b=False, __c=False), __c=False))"
101.0,9,13,93,14.771605014801025,10300,"NT_0013_P_00000(__a=NT_0001_P_00004(__a=NT_0001_P_00002(__a=NT_0001_P_00004(__a=NT_0001_P_00004(__a=NT_0001_P_00004(__a=NT_0001_P_00002(__a=NT_0001_P_00002(__a=NT_0001_P_00000(__a=False, __b=False, __c=False))), __b=NT_0001_P_00000(__a=False, __b=True, __c=False), __c=True), __b=NT_0001_P_00000(__a=False, __b=True, __c=False), __c=True), __b=NT_0001_P_00000(__a=False, __b=True, __c=False), __c=True)), __b=NT_0001_P_00000(__a=False, __b=False, __c=False), __c=False))"
101.0,9,13,94,14.88192629814148,10300,"NT_0013_P_00000(__a=NT_0001_P_00004(__a=NT_0001_P_00002(__a=NT_0001_P_00004(__a=NT_0001_P_00004(__a=NT_0001_P_00004(__a=NT_0001_P_00002(__a=NT_0001_P_00002(__a=NT_0001_P_00000(__a=False, __b=False, __c=False))), __b=NT_0001_P_00000(__a=False, __b=True, __c=False), __c=True), __b=NT_0001_P_00000(__a=False, __b=True, __c=False), __c=True), __b=NT_0001_P_00000(__a=False, __b=True, __c=False), __c=True)), __b=NT_0001_P_00000(__a=False, __b=False, __c=False), __c=False))"
93.0,7,15,95,14.982690811157227,10300,"NT_0013_P_00000(__a=NT_0001_P_00004(__a=NT_0001_P_00002(__a=NT_0001_P_00002(__a=NT_0001_P_00002(__a=NT_0001_P_00000(__a=True, __b=False, __c=False)))), __b=NT_0001_P_00004(__a=NT_0001_P_00002(__a=NT_0001_P_00004(__a=NT_0001_P_00002(__a=NT_0001_P_00000(__a=False, __b=False, __c=False)), __b=NT_0001_P_00000(__a=True, __b=True, __c=True), __c=False)), __b=NT_0001_P_00002(__a=NT_0001_P_00002(__a=NT_0001_P_00000(__a=False, __b=False, __c=True))), __c=False), __c=True))"
93.0,7,15,96,15.07077956199646,10300,"NT_0013_P_00000(__a=NT_0001_P_00004(__a=NT_0001_P_00002(__a=NT_0001_P_00002(__a=NT_0001_P_00002(__a=NT_0001_P_00000(__a=True, __b=False, __c=False)))), __b=NT_0001_P_00004(__a=NT_0001_P_00002(__a=NT_0001_P_00004(__a=NT_0001_P_00002(__a=NT_0001_P_00000(__a=False, __b=False, __c=False)), __b=NT_0001_P_00000(__a=True, __b=True, __c=True), __c=False)), __b=NT_0001_P_00002(__a=NT_0001_P_00002(__a=NT_0001_P_00000(__a=False, __b=False, __c=True))), __c=False), __c=True))"
93.0,7,15,97,15.20097827911377,10300,"NT_0013_P_00000(__a=NT_0001_P_00004(__a=NT_0001_P_00002(__a=NT_0001_P_00002(__a=NT_0001_P_00002(__a=NT_0001_P_00000(__a=True, __b=False, __c=False)))), __b=NT_0001_P_00004(__a=NT_0001_P_00002(__a=NT_0001_P_00004(__a=NT_0001_P_00002(__a=NT_0001_P_00000(__a=False, __b=False, __c=False)), __b=NT_0001_P_00000(__a=True, __b=True, __c=True), __c=False)), __b=NT_0001_P_00002(__a=NT_0001_P_00002(__a=NT_0001_P_00000(__a=False, __b=False, __c=True))), __c=False), __c=True))"
93.0,7,15,98,15.310647010803223,10300,"NT_0013_P_00000(__a=NT_0001_P_00004(__a=NT_0001_P_00002(__a=NT_0001_P_00002(__a=NT_0001_P_00002(__a=NT_0001_P_00000(__a=True, __b=False, __c=False)))), __b=NT_0001_P_00004(__a=NT_0001_P_00002(__a=NT_0001_P_00004(__a=NT_0001_P_00002(__a=NT_0001_P_00000(__a=False, __b=False, __c=False)), __b=NT_0001_P_00000(__a=True, __b=True, __c=True), __c=False)), __b=NT_0001_P_00002(__a=NT_0001_P_00002(__a=NT_0001_P_00000(__a=False, __b=False, __c=True))), __c=False), __c=True))"
93.0,7,15,99,15.404688835144043,10300,"NT_0013_P_00000(__a=NT_0001_P_00004(__a=NT_0001_P_00002(__a=NT_0001_P_00002(__a=NT_0001_P_00002(__a=NT_0001_P_00000(__a=True, __b=False, __c=False)))), __b=NT_0001_P_00004(__a=NT_0001_P_00002(__a=NT_0001_P_00004(__a=NT_0001_P_00002(__a=NT_0001_P_00000(__a=False, __b=False, __c=False)), __b=NT_0001_P_00000(__a=True, __b=True, __c=True), __c=False)), __b=NT_0001_P_00002(__a=NT_0001_P_00002(__a=NT_0001_P_00000(__a=False, __b=False, __c=True))), __c=False), __c=True))"
93.0,7,15,100,15.616277694702148,10300,"NT_0013_P_00000(__a=NT_0001_P_00004(__a=NT_0001_P_00002(__a=NT_0001_P_00002(__a=NT_0001_P_00002(__a=NT_0001_P_00000(__a=True, __b=False, __c=False)))), __b=NT_0001_P_00004(__a=NT_0001_P_00002(__a=NT_0001_P_00004(__a=NT_0001_P_00002(__a=NT_0001_P_00000(__a=False, __b=False, __c=False)), __b=NT_0001_P_00000(__a=True, __b=True, __c=True), __c=False)), __b=NT_0001_P_00002(__a=NT_0001_P_00002(__a=NT_0001_P_00000(__a=False, __b=False, __c=True))), __c=False), __c=True))"
